,time,cycles,instructions,branch-misses,dTLB-load-misses,dTLB-store-misses,iTLB-load-misses,L1-dcache-load-misses,L1-icache-load-misses,LLC-load-misses,LLC-store-misses,cpi,,,,,,,,
0,0.500548479,1356670963,1955134519,15967860,82621,42221,3210,79365540,336876,3815348,234752,0.693901596,,,,,,,,
1,1.001176844,1529855882,1500908906,27054890,64383,1104,1474,49949195,87312,1754593,2851,1.019286298,,,,,,,,
2,1.501807612,1535154265,1482256698,27561744,47366,998,1240,46483995,73699,1290076,2114,1.035687184,,,,,,,,
3,2.002427597,1534810543,1469731833,27583584,40835,872,1257,45348267,89000,1184401,2582,1.044279309,,,,,,,,
4,2.503063193,1534948091,1485070833,27436425,31562,1027,1184,44916269,74159,1090217,2542,1.033585777,,,,,,,,
5,3.003684723,1530381554,1503434851,27179368,26123,989,1263,44929126,93368,1116309,2260,1.017923426,,,,,,,,
6,3.503791698,1531856145,1549998129,26731422,20246,987,1376,45281418,78712,1123914,1502,0.98829548,,,,,,,,
7,4.004414113,1532186357,1557018794,26871986,21200,923,1414,45778565,95845,1153115,1220,0.984051293,,,,,,,,
8,4.505047772,1532781269,1528039820,26926700,25187,924,1217,45554484,75334,1189743,1403,1.003102962,,,,,,,,
9,5.005677115,1532388949,1517968514,27114954,25529,929,1130,45281111,73314,1232541,1315,1.009499825,,,,,,,,
10,5.506045152,1533705055,1518640738,27144357,21626,1009,1136,44713050,68166,1208359,1235,1.009919605,,,,,,,,
11,6.006698042,1526394148,1497899126,26964339,20205,921,1059,44105009,78225,1282899,1436,1.019023325,,,,,,,,
12,6.507320766,1534826262,1510771126,27238745,17617,866,1189,43956499,68188,1228368,1233,1.015922422,,,,,,,,
13,7.007786042,1532099698,1499060003,27295588,18509,881,1101,43812966,73038,1270783,1197,1.022040275,,,,,,,,
14,7.508404471,1534703077,1488567747,27341290,22769,925,1194,44164540,68913,1283921,1193,1.030993101,,,,,,,,
15,8.009029337,1532257894,1494140628,27333548,20248,1310,1092,44352641,74391,1281482,1356,1.025511164,,,,,,,,
16,8.509664338,1534579350,1493490694,27404164,20064,1653,1280,43936833,71253,1212501,1464,1.027511826,,,,,,,,
17,9.010284936,1532155239,1482203600,27614295,22938,1814,1353,43854738,82222,1172437,1513,1.033700929,,,,,,,,
18,9.51090396,1534366997,1454320778,27770214,29931,1489,1335,43913012,75342,1118336,1241,1.055040277,,,,,,,,
19,10.01153095,1532357538,1457247985,27826621,30929,1245,1428,44322776,87472,1118274,1438,1.051542053,,,,,,,,
20,10.5117806,1533580529,1452810942,28030453,28763,1828,1331,43506541,67259,1043070,1342,1.055595387,,,,,,,,
21,11.0124027,1531461677,1443817649,28071316,34511,1861,1362,43814273,86021,1046032,1419,1.060702976,,,,,,,,
22,11.51301159,1535303471,1439194875,28180269,36418,1791,1202,43473184,77705,975965,1462,1.066779418,,,,,,,,
23,12.01363599,1531897377,1422428118,28205927,39121,1610,1297,43678511,80984,973605,1521,1.076959431,,,,,,,,
24,12.51422687,1535361977,1417058912,28416192,42673,1926,1242,43587842,73701,944831,1366,1.083484931,,,,,,,,
25,13.01485162,1532331832,1403594388,28488458,46001,1958,1305,43543432,85126,938607,1470,1.091719834,,,,,,,,
26,13.51547363,1536742455,1387862833,28757963,50112,1885,1267,43291179,79755,910290,1520,1.107272577,,,,,,,,
27,14.01578858,1529633539,1355949623,28738441,54011,1985,1281,43375279,88224,899498,1687,1.128090242,,,,,,,,
28,14.5163858,1534777573,1356325559,29019994,58315,2102,1231,43397602,79262,877573,1572,1.131570192,,,,,,,,
29,15.01701015,1532464343,1338689729,29097834,61776,2064,1377,43558748,86451,912822,1686,1.144749459,,,,,,,,
30,15.51764816,1535696689,1336441593,29175011,63560,2035,1237,43628106,74647,896233,1597,1.149093755,,,,,,,,
31,16.01827691,1533592113,1317066442,29342902,70028,2050,1603,43866763,84080,919100,1601,1.16439996,,,,,,,,
32,16.51886038,1535086539,1298201126,29382598,74456,2164,1542,43858739,78565,951794,1754,1.182472044,,,,,,,,
33,17.01949006,1532842733,1284568049,29538057,81502,2205,1374,44047481,84935,996223,1889,1.19327484,,,,,,,,
34,17.52011102,1534566663,1271395019,29690805,86572,2276,1278,43948028,87298,1009949,1963,1.206994396,,,,,,,,
35,18.02072925,1531141115,1247877668,29741679,91806,2201,1471,44150462,93726,1029619,2046,1.226996167,,,,,,,,
36,18.52134621,1533110108,1231822799,29752796,100693,2358,1311,44739067,83226,1071310,1896,1.244586567,,,,,,,,
37,19.0219422,1529540906,1213127097,29689512,109297,2418,1416,45694551,93279,1167966,2069,1.260824946,,,,,,,,
38,19.52257274,1530790843,1197952429,29693760,118041,2496,1528,46629185,81319,1304433,2262,1.277839425,,,,,,,,
39,20.02319757,1527365528,1178327751,29538412,126161,2656,1701,47669590,81098,1380911,2474,1.29621451,,,,,,,,
40,20.52378492,1521543764,1165237117,29352004,140833,2758,1615,48939618,89165,1602520,3153,1.305780379,,,,,,,,
41,21.02438909,1490320813,1106864054,27976041,153975,2982,1598,49029411,100811,2084890,4090,1.34643528,,,,,,,,
42,21.52499016,1488388329,1088293585,27509988,172908,3300,1636,51910830,102683,2418438,4057,1.367634937,,,,,,,,
43,22.02561527,1498805199,1129623925,28440907,195383,3408,1555,58362041,106220,2322175,3369,1.32681786,,,,,,,,
44,22.52625373,1487352940,1106501029,27278437,212120,3671,1515,60666953,93771,2874131,4332,1.34419481,,,,,,,,
45,23.0268924,1484789667,1103748388,26865412,249845,4249,1468,70643019,91751,2941821,3990,1.345224766,,,,,,,,
46,23.52752945,1481562856,1089639630,24936066,330755,5801,1586,91724420,88883,4357391,5267,1.359681509,,,,,,,,
47,24.02780624,1403867858,1293646243,14532829,855125,639722,2242,94757193,238264,7600457,3442032,1.085202284,,,,,,,,
48,24.52846914,1278773892,1037525286,9253917,1977578,682875,2496,65890451,178843,15440672,933371,1.23252311,,,,,,,,
49,25.02913983,1302298026,982102504,8584894,2341857,879078,2508,87275157,117045,21664983,1317638,1.326030654,,,,,,,,
50,25.52981571,1298526614,942755639,8331563,2316588,742738,2296,111008497,81605,16979352,1263516,1.377373479,,,,,,,,
51,26.03045762,1296176965,953430188,8183496,2204295,716834,2395,99840903,98353,15870915,1879799,1.359488069,,,,,,,,
52,26.53109284,1278532453,951368112,8101600,1968247,641826,2282,88638117,90655,14079419,1714754,1.343888277,,,,,,,,
53,27.03174733,1384104046,1072486448,10362377,988072,427710,2667,124186520,132655,12693173,2109332,1.29055621,,,,,,,,
54,27.53236415,1408429464,1053848574,15909928,5151443,112195,2090,73961951,71679,13124081,470083,1.336462846,,,,,,,,
55,28.03299243,1451753475,1533010902,16967359,2756079,1888832,1647,60729786,96244,5427266,1843060,0.94699488,,,,,,,,
56,28.53361885,1501535128,1405128705,22792669,138675,5211,1499,63820707,81613,4187542,6214,1.068610386,,,,,,,,
57,29.03423555,1482769584,1285613228,21577895,177975,6274,1566,71210036,92047,5097738,6372,1.153355886,,,,,,,,
58,29.53485682,1478786440,1259137057,19928546,191422,7037,1516,79210979,76085,6484939,7415,1.17444438,,,,,,,,
59,30.03549488,1450864335,1300710289,16869702,231981,9173,1573,99469806,116017,8912961,9316,1.115440039,,,,,,,,
60,30.53580204,1439823713,1344989736,14906243,264380,11097,1553,112478534,83110,10583490,10409,1.070509071,,,,,,,,
61,31.0364285,1404540023,1371196477,10561333,277085,358516,1737,140696614,180708,11892279,2762556,1.024317118,,,,,,,,
62,31.53708054,1315503390,1197716306,10173663,1452432,507411,2184,71636421,94005,12508598,815200,1.098343058,,,,,,,,
63,32.03772844,1266256708,1089485703,9242682,1732620,448786,1991,56220371,79958,11994017,261694,1.16225179,,,,,,,,
64,32.53837263,1255578791,1093422711,8881399,1819347,551589,2177,57480435,111901,12644800,712065,1.148301364,,,,,,,,
65,33.03897794,1230486298,1049762477,8830543,1870410,549882,2138,53555531,95577,14250544,559426,1.172156869,,,,,,,,
66,33.53961173,1236771187,1048978202,8129394,1838686,600449,2312,53140484,122814,19516946,779837,1.179024678,,,,,,,,
67,34.04027588,1206951586,994106945,8326287,1895058,594706,2165,50877815,126364,14446107,710334,1.214106382,,,,,,,,
68,34.54094007,1172210380,953201117,7989327,1873284,575905,2167,53954086,165660,16581002,563591,1.229761861,,,,,,,,
69,35.0416186,1213227359,1000469617,8612301,1877679,524074,2156,51640530,88768,14975685,373511,1.212657874,,,,,,,,
70,35.54228859,1216924962,1025031038,8468578,1812078,509571,2118,56918792,67492,14998876,352757,1.187207916,,,,,,,,
71,36.04290631,1223446403,1032388194,8835397,1909967,537510,2192,54031537,72646,14648437,422054,1.18506431,,,,,,,,
72,36.5435453,1261978533,1073899449,8589135,1706372,509906,2161,59127572,63858,18563330,538696,1.175136587,,,,,,,,
73,37.04376168,1323922152,1101662202,9446354,1388928,446411,2125,98776097,73052,14225527,931292,1.201749638,,,,,,,,
74,37.54437573,1405013047,1056385202,11744451,3413257,116055,1734,102077056,72574,16601059,782134,1.330019622,,,,,,,,
75,38.04501762,1366669870,916556910,15587933,8996181,2620,1883,44962377,72428,11099728,1275,1.491091121,,,,,,,,
76,38.5456561,1396408961,961966610,16908759,8831272,2606,1919,44466406,67187,10489827,1469,1.451618951,,,,,,,,
77,39.04629608,1492648887,1466032355,12365398,435012,5726086,1365,59041563,93890,2223432,9201025,1.018155487,,,,,,,,
78,39.54692428,1536260384,1798830598,23713223,58630,2644,1088,56003252,67329,876362,2997,0.854032829,,,,,,,,
79,40.04756096,1531393293,1643533007,25036955,71391,2813,1264,53163521,86874,1070113,3524,0.931769114,,,,,,,,
80,40.54817869,1523327770,1421011058,26474563,94139,3200,1174,51450001,72630,1466122,3381,1.072002756,,,,,,,,
81,41.04880641,1516736410,1352575142,26457832,122724,3602,1420,52300376,102848,2009036,3706,1.121369426,,,,,,,,
82,41.54943878,1525901536,1340644952,26969320,94137,3135,1318,49361531,93720,1279652,2743,1.138184673,,,,,,,,
83,42.05005859,1513742021,1307198256,25968457,128817,3887,1243,53916717,97291,2295043,4143,1.158004927,,,,,,,,
84,42.55069093,1522537641,1259623406,27380475,115927,3364,1236,48230319,87082,1657551,3608,1.208724476,,,,,,,,
85,43.05132047,1519130158,1275905629,26947606,128359,3541,1419,49985668,102512,1805655,3527,1.190628933,,,,,,,,
86,43.55190367,1513414978,1262727903,26507089,130587,3710,1156,52047108,81882,2300456,4217,1.198528182,,,,,,,,
87,44.05252636,1522713032,1255518351,27265083,128676,3561,1467,50602789,98112,1925699,3786,1.212816229,,,,,,,,
88,44.55315785,1523346067,1249983089,27473607,119990,3316,1320,47646316,86657,1593597,3285,1.218693341,,,,,,,,
89,45.05377406,1526010151,1258247872,27851661,135267,3645,1212,50504886,95921,1805430,3954,1.212805668,,,,,,,,
90,45.55439987,1519328924,1243911441,27360021,130791,3653,1429,51502618,94017,1999412,3942,1.221412453,,,,,,,,
91,46.05501818,1511821926,1249182711,26960960,140125,3998,1430,52613368,111288,2205674,4339,1.210248839,,,,,,,,
92,46.55564529,1511547278,1244807134,26905808,142076,3933,1322,53310705,96759,2119080,3807,1.214282307,,,,,,,,
93,47.05626107,1516968418,1256102904,27580853,135769,3796,1506,51489568,111499,2020626,3959,1.207678458,,,,,,,,
94,47.55685213,1521053842,1255042519,27612817,125560,3407,1252,50141211,87809,1837186,3682,1.211954033,,,,,,,,
95,48.05748922,1506794467,1269686216,26789995,141537,4099,1413,55055514,96582,2397727,4448,1.18674555,,,,,,,,
96,48.55808365,1501892948,1248674513,26045638,153353,4326,1424,57807844,88382,2729486,4399,1.202789784,,,,,,,,
97,49.05871573,1506291675,1264997094,26172117,156463,4418,1292,58622706,96551,2971817,4927,1.190747143,,,,,,,,
98,49.55931044,1519370214,1262207255,27521803,124052,3445,1215,50019854,101172,1928700,3475,1.203740676,,,,,,,,
99,50.05975749,1504387332,1270361730,26804757,149784,4257,1367,56006048,98858,2360630,4355,1.184219657,,,,,,,,
100,50.56038245,1504332238,1256157599,26108175,149122,4226,1307,57312061,99153,2811961,4592,1.197566483,,,,,,,,
101,51.06100867,1500265678,1289748275,25568630,172928,4924,1463,62829854,117107,3375797,5443,1.163223636,,,,,,,,
102,51.56162545,1496234838,1281243806,25516591,163492,4808,1256,61539731,91444,3160231,4904,1.16779869,,,,,,,,
103,52.06222256,1490607084,1302779932,24355381,187087,5529,1466,68031249,102290,3903542,6020,1.144174121,,,,,,,,
104,52.56284676,1480211190,1303815356,22443326,211910,6662,1300,77947125,93237,5134805,7087,1.135292036,,,,,,,,
105,53.06344797,1474547146,1337650149,21626253,224859,7114,1312,85895244,106526,5692559,7323,1.102341406,,,,,,,,
106,53.5640657,1448515615,1401655888,17146202,293782,9790,1379,114808899,96883,8159131,9710,1.033431691,,,,,,,,
107,54.06470591,1330170666,1152795044,9149151,617211,35921,1212,156154506,77369,16401687,21764,1.153865705,,,,,,,,
108,54.56536949,1384693671,1338345403,13138857,1056602,427681,1937,95334719,133673,9075228,1656573,1.034631021,,,,,,,,
109,55.06603146,1342613760,1435004058,10395575,1210245,328261,2377,71883943,83341,12620038,330507,0.935616699,,,,,,,,
110,55.56671687,1323053415,1250254571,9581285,1254825,332760,2346,79870677,69744,11824607,395960,1.058227217,,,,,,,,
111,56.06736436,1328632673,1261629515,9599632,1221674,337874,2333,78330385,78548,10169160,523810,1.053108426,,,,,,,,
112,56.56778452,1369116890,1408209573,10050315,908760,274889,2067,100439484,68628,10660581,876536,0.972239442,,,,,,,,
113,57.06840331,1402951133,1395538728,9157950,733372,326647,2101,123453948,78454,9403692,2185682,1.005311501,,,,,,,,
114,57.56904913,1392780383,1022337319,14106729,4779377,46854,1753,79658190,71758,13044651,318976,1.362349155,,,,,,,,
115,58.06966149,1364141782,937013784,16045638,7684698,2347,1740,43884867,56922,9855199,1424,1.45583961,,,,,,,,
116,58.57030704,1428167784,919883561,14557860,5163590,2822590,1756,47833640,60416,7060384,5695085,1.552552784,,,,,,,,
117,59.07102307,1510556852,1569928129,19165733,209434,2437359,1476,60100216,83310,900934,3842660,0.962182169,,,,,,,,
118,59.57165145,1533192018,1431850340,25634034,73310,2632,1292,47700743,79617,814343,2339,1.070776725,,,,,,,,
119,60.07178683,1530082660,1361996210,26719415,77997,2754,1478,45250363,89522,939912,2859,1.123411834,,,,,,,,
120,60.57238601,1531337992,1297114444,27184802,87837,2800,1339,44954299,81637,1022131,2556,1.18057277,,,,,,,,
121,61.0730145,1530936333,1305949872,27418858,84581,2809,1532,43991013,96306,979828,2907,1.172278022,,,,,,,,
122,61.57363508,1532200954,1292528162,27313413,85082,2677,1422,43849955,87376,931973,2467,1.185429454,,,,,,,,
123,62.07425618,1530218985,1279125950,27257249,84243,2857,1429,44495331,82880,1118757,3154,1.196300478,,,,,,,,
124,62.57484245,1531565276,1264223453,27425454,98698,2911,1394,45384185,93292,1184817,2748,1.211467223,,,,,,,,
125,63.07544429,1530761449,1257959638,27725444,96248,2820,1357,44761838,96069,1155019,2925,1.216860544,,,,,,,,
126,63.57602847,1529814043,1249690528,27490554,99517,3029,1663,45367333,91181,1213394,2757,1.224154308,,,,,,,,
127,64.07662689,1526907109,1252823519,27640297,105640,3148,1410,46383781,103993,1427485,2931,1.218772705,,,,,,,,
128,64.57726102,1530048556,1240328215,27684385,106821,3069,1334,46195531,91600,1403058,3249,1.233583609,,,,,,,,
129,65.0778824,1535077630,1252048918,28090555,97998,2964,1252,45636807,74221,1327392,2959,1.226052439,,,,,,,,
130,65.57852168,1532481537,1230969066,27719061,101861,3035,1395,46729846,72168,1452883,3111,1.244939113,,,,,,,,
131,66.07912223,1528675111,1229373497,27490104,110180,3282,1217,47845219,85528,1631167,3355,1.243458652,,,,,,,,
132,66.57976053,1525301908,1220063719,27671383,103200,3014,1369,46065110,98006,1402092,2987,1.25018217,,,,,,,,
133,67.08035824,1527745249,1225972766,27501376,108210,3153,1362,47085998,89137,1573363,3113,1.246149418,,,,,,,,
134,67.58095659,1516314655,1217841987,27151908,110978,3331,1416,48147984,86596,1705576,3591,1.245083247,,,,,,,,
135,68.08159471,1520197678,1227109236,27299215,104014,3214,1279,47216374,96682,1460439,3231,1.238844622,,,,,,,,
136,68.58224167,1513130870,1200178614,26647843,129485,3809,1336,51267238,92308,2046146,3768,1.260754735,,,,,,,,
137,69.08287511,1506446394,1205008929,26008264,128848,3977,1534,52082374,90088,2218933,4329,1.250153719,,,,,,,,
138,69.58351681,1503315174,1224443253,25807250,140594,4215,1406,55887556,97557,2627229,4453,1.227754059,,,,,,,,
139,70.08378673,1508686429,1227262868,26219762,134528,4099,1499,55621201,90468,2574226,4227,1.229309929,,,,,,,,
140,70.58439932,1494853268,1222195645,25516114,144860,4471,1292,58600345,87920,3048428,4904,1.223088361,,,,,,,,
141,71.0849976,1500867718,1236246324,25687007,145313,4414,1380,58484328,84854,2957861,4798,1.21405232,,,,,,,,
142,71.5856264,1487382205,1222601110,24743438,156734,4904,1508,62192594,94225,3337460,4946,1.216571941,,,,,,,,
143,72.08622739,1490391210,1231326456,24294086,161781,5295,1431,66658818,74300,3830280,5810,1.210394857,,,,,,,,
144,72.58681616,1496604035,1236446869,24216702,154829,5273,1364,67461277,80972,4095130,5384,1.210407072,,,,,,,,
145,73.08744275,1490365413,1247194733,23485871,167895,5904,1368,71074052,82080,4373739,6091,1.194974108,,,,,,,,
146,73.58808472,1484810099,1248180895,23646718,168830,5876,1417,70474881,79203,4550841,6600,1.189579255,,,,,,,,
147,74.08870874,1484458930,1258495142,22898498,183839,6432,1634,74972881,87235,4946011,6668,1.179550783,,,,,,,,
148,74.589377,1480435119,1262171056,22490742,187163,6485,1356,76639002,98124,5029469,6654,1.172927482,,,,,,,,
149,75.09002021,1476929291,1265400958,21166717,199060,7372,1367,85097342,89356,5917192,7498,1.167163089,,,,,,,,
150,75.59065403,1466991530,1265871554,19762286,217876,8201,1383,93394451,100924,6863610,8296,1.15887866,,,,,,,,
151,76.09127891,1447664279,1270026581,15227555,278863,11506,1589,119883495,93910,9615251,10608,1.139869276,,,,,,,,
152,76.5918077,1422106939,1263719512,11262866,328442,14216,1443,144796937,107773,11756276,12850,1.125334321,,,,,,,,
153,77.09243268,1392986051,1319831058,7698364,346963,16603,1397,165687923,102551,14005672,15007,1.055427543,,,,,,,,
154,77.59308119,1363128511,1294777110,6180622,394902,4656,1093,200320679,87996,16522995,3174,1.052790091,,,,,,,,
155,78.09373666,1365114512,1254384006,9488401,451526,139637,1080,155383428,81351,13922030,2450870,1.088274807,,,,,,,,
156,78.59439609,1297177981,1255824010,9788725,1606934,410514,2362,64583571,90579,12329856,120480,1.03292975,,,,,,,,
157,79.09509069,1305673354,1296943124,10264184,1393160,351734,2452,60960601,91675,10757395,174877,1.00673139,,,,,,,,
158,79.59576121,1293349884,1217665663,10023953,1515660,381061,2323,59756724,97606,11551322,213393,1.062155174,,,,,,,,
159,80.09639705,1301027557,1205523408,10314083,1531814,390781,2406,62184402,74786,14781175,253774,1.079222144,,,,,,,,
160,80.59703852,1345216537,1253376486,11013686,1382927,351564,2252,77818447,74213,12581592,400121,1.073274114,,,,,,,,
161,81.09767359,1403579766,1274593587,10849864,979047,283637,2252,103636182,87419,8518095,740681,1.101197888,,,,,,,,
162,81.59834154,1451201608,1120451088,9447804,2375992,100678,1636,127021745,74954,6690982,514424,1.295194073,,,,,,,,
163,82.09902408,1354730791,907283723,16362053,8605079,2418,1888,44475061,74983,11253703,1263,1.493172154,,,,,,,,
164,82.59970706,1367853317,936793349,15968704,8396330,2409,1801,46508799,82257,9859435,1467,1.460144138,,,,,,,,
165,83.10049065,1455265671,935282618,14163924,1851069,5548723,1700,53592848,105288,3458002,9454341,1.555963559,,,,,,,,
166,83.60113145,1525243748,1322154964,26563419,83312,2800,1414,48493696,103554,1246444,3228,1.153604373,,,,,,,,
167,84.10176224,1515730313,1248146873,26934091,89179,2711,1678,43884105,127091,1093969,3789,1.214384577,,,,,,,,
168,84.60240471,1517676779,1227842611,26949733,96311,2891,1381,46147101,129164,1220122,3217,1.236051563,,,,,,,,
169,85.1027415,1488381603,1135852047,25629022,99389,2571,1607,40692856,164731,1123466,4647,1.310365736,,,,,,,,
170,85.60335066,1504108905,1157126314,26408014,102858,2900,1459,45457146,112664,1492532,3836,1.299865785,,,,,,,,
171,86.1037912,1521110191,1226302922,27262024,92642,2997,1154,47384662,72328,1426698,3633,1.2404033,,,,,,,,
172,86.6044084,1520102510,1218261258,27284256,96991,3050,1184,48714775,78838,1553001,3410,1.247763975,,,,,,,,
173,87.10503845,1515197347,1212231445,26497998,115759,3526,1272,52986525,69446,1972359,4149,1.249924141,,,,,,,,
174,87.60567011,1514144581,1208434032,26599168,117404,3503,1191,52400353,72668,1924820,3842,1.252980751,,,,,,,,
175,88.10626641,1509423550,1210275271,26358943,124082,3671,1346,54155706,78297,2272451,4472,1.247173751,,,,,,,,
176,88.6068658,1471645651,1125447765,24020151,128003,3883,1386,53703380,107989,2811743,5956,1.307609022,,,,,,,,
177,89.10749535,1493720225,1189248642,25336507,144575,4153,1510,57821528,97248,2698692,5076,1.256020122,,,,,,,,
178,89.60779971,1497308730,1188714554,25473502,136324,4005,1206,57527830,88764,2590197,4784,1.259603262,,,,,,,,
179,90.10844293,1496785934,1217817059,25660990,149262,4554,1302,62168072,71909,2917059,5186,1.229072891,,,,,,,,
180,90.60905649,1502522244,1225168191,25573090,146196,4429,1053,61845170,79477,3225099,5393,1.22638039,,,,,,,,
181,91.1096733,1492448062,1235870484,24577793,160846,5101,1284,68079870,68309,3859989,5844,1.207608792,,,,,,,,
182,91.61030762,1465995947,1176443885,22065765,158358,5394,1349,70650250,89497,5204351,7626,1.246124839,,,,,,,,
183,92.11094726,1459134512,1162775069,20522305,168935,6137,1272,76068337,93590,5459917,8446,1.254872547,,,,,,,,
184,92.61157627,1474489728,1244500923,21303169,190288,6888,1267,86629003,85194,6024045,7640,1.184804045,,,,,,,,
185,93.11179166,1470170071,1271086423,19611365,207135,7982,1453,99588857,80028,6994574,8186,1.156624793,,,,,,,,
186,93.61239685,1437372802,1233483754,15307688,239792,9818,1339,111463899,96183,8872730,11451,1.165295284,,,,,,,,
187,94.11300364,1429335763,1257699318,14328865,238951,10690,1540,124243257,84354,10049011,11159,1.136468584,,,,,,,,
188,94.61372681,1374442560,1377510612,6717102,313338,11510,1334,198691015,74936,15669778,9521,0.997772756,,,,,,,,
189,95.1144354,1338479095,1302568171,8979047,314152,149206,1280,172048138,69404,13796126,636051,1.027569324,,,,,,,,
190,95.61509726,1299458074,1248827226,10601873,1590350,416396,2086,58759262,61267,13413788,114932,1.040542716,,,,,,,,
191,96.11574055,1341234844,1377671919,11530113,1433334,362002,2069,59167675,67530,10270584,175795,0.973551704,,,,,,,,
192,96.61635311,1354904769,1387433609,11523022,1301978,343446,2314,68915896,59179,8968904,269268,0.976554669,,,,,,,,
193,97.117008,1359029065,1356975283,11331014,1393056,346255,2149,73635816,66556,8634112,323500,1.0015135,,,,,,,,
194,97.61765601,1391629218,1468120294,12078422,1061625,271274,1961,89664069,57649,8931139,547027,0.947898632,,,,,,,,
195,98.11829695,1416108807,1446715796,12234635,974763,292776,2150,97905018,63468,10126010,856580,0.978843814,,,,,,,,
196,98.6189502,1447486765,1323336599,10538029,652259,196842,1902,139938457,56939,16534983,900617,1.093816015,,,,,,,,
197,99.11959168,1338697417,863822176,15841913,9206891,2696,1751,43853541,76259,11157458,1455,1.549737266,,,,,,,,
198,99.61980127,1361375081,897536887,15828890,8670095,2464,1701,45267822,73576,11373135,1514,1.516790118,,,,,,,,
199,100.1204158,1443787045,896430159,12401038,4301608,5593659,1559,57641623,61697,5449848,10416394,1.610596242,,,,,,,,
200,100.621039,1534954718,1514905215,26142547,85525,3055,1152,55303588,62601,1515141,2866,1.013234823,,,,,,,,
201,101.1216657,1531405058,1307145832,27528884,90267,3182,1127,50070588,83951,1536960,2857,1.171564045,,,,,,,,
202,101.6222815,1533903890,1297686841,27963386,83025,2990,1210,49669174,68235,1512536,2764,1.182029317,,,,,,,,
203,102.1229022,1538843990,1278407409,28361337,81549,2888,1425,47440432,75734,1171735,2436,1.203719549,,,,,,,,
204,102.6235197,1538865202,1280977739,28174390,90680,3055,1350,48677842,71143,1425430,2849,1.2013208,,,,,,,,
205,103.1241473,1526559431,1260716684,27295519,105269,3492,1215,52579071,74032,1788026,3150,1.210866367,,,,,,,,
206,103.6247704,1529304118,1269449779,27762026,106761,3508,1166,52508423,60120,1800022,3128,1.2046984,,,,,,,,
207,104.1253926,1524544820,1261259982,27124604,122019,3864,1358,56563243,65206,2246970,3818,1.208747476,,,,,,,,
208,104.6260454,1523057672,1273116427,26581687,119187,3901,1403,56945796,55756,2348908,3796,1.196322378,,,,,,,,
209,105.1266907,1513818298,1259991191,26368937,135695,4417,1480,60750521,66064,2828612,4219,1.201451493,,,,,,,,
210,105.6273191,1528436024,1264966404,27329350,119232,3902,1329,56943419,66616,2210643,3853,1.208281911,,,,,,,,
211,106.1279412,1503125794,1253372535,25129402,157779,5177,1446,68401179,89553,3498543,5096,1.199264985,,,,,,,,
212,106.6285556,1502655764,1277766850,24450855,164694,5487,1476,72890719,71593,4167904,5746,1.176001525,,,,,,,,
213,107.1291825,1499505844,1275620960,23935191,169326,5960,1499,74753476,74953,4172203,5664,1.175510509,,,,,,,,
214,107.6298124,1510863602,1298715709,23679352,167375,6197,1368,77700757,69985,4568022,5853,1.163352065,,,,,,,,
215,108.1304362,1504534304,1285018598,24058315,165454,5897,1487,75964512,70404,4401744,5749,1.170826871,,,,,,,,
216,108.6310785,1496641984,1286773331,23994452,165850,5947,1429,76386431,66982,4409936,5535,1.163096831,,,,,,,,
217,109.1317034,1489155686,1330559415,21455880,191096,7805,1387,95272090,71371,6676435,7532,1.119195182,,,,,,,,
218,109.6323184,1477336413,1327687287,19159578,204787,9062,1427,105110896,68941,8220225,8815,1.112714136,,,,,,,,
219,110.1329441,1462277424,1363743723,15603423,228197,11743,1517,133134186,71175,10401464,10546,1.072252359,,,,,,,,
220,110.6335855,1437475578,1395108778,10009311,244321,14884,1528,167302137,78239,13778335,12521,1.030368098,,,,,,,,
221,111.1342157,1400277862,1483124332,5430996,255963,15529,1365,204886082,63186,16690927,11445,0.944140577,,,,,,,,
222,111.6348652,1365067944,1299100796,8395292,267501,150382,781,179305877,77720,12940555,568869,1.050779084,,,,,,,,
223,112.1354959,1324551548,1377226464,10667299,1408906,381407,339,64125288,48592,11488552,106318,0.961752902,,,,,,,,
224,112.636161,1328885504,1450752336,11432603,1273981,322887,537,61958482,67120,12258759,144894,0.915997494,,,,,,,,
225,113.1368027,1318088372,1395085703,11158032,1316855,342762,245,60711759,50537,14905025,173482,0.944808171,,,,,,,,
226,113.6374619,1354288942,1392094333,11700581,1282792,349310,494,71883427,68951,13188987,295635,0.972842795,,,,,,,,
227,114.1381377,1408872834,1432581141,12125597,928491,302448,246,101525979,46496,15760474,696179,0.983450636,,,,,,,,
228,114.6387733,1480397289,1303101308,9139103,367357,194853,228,166305314,50580,12885770,865461,1.136056943,,,,,,,,
229,115.1394009,1373590687,920700955,17170779,8320209,2534,354,46454706,43332,12137269,917,1.491896668,,,,,,,,
230,115.6400501,1395322968,994404813,16790105,9160519,2485,380,49628372,48250,11525079,1114,1.403173989,,,,,,,,
231,116.1406836,1458584601,1200196618,12453630,2865022,5683523,319,60268123,52459,5357176,8597384,1.215288045,,,,,,,,
232,116.6413164,1535386209,1546050802,25650733,76497,2729,699,55232371,48243,1276783,2552,0.993102042,,,,,,,,
233,117.1419437,1531095334,1270832183,27636477,100430,3346,925,53720613,51572,1761729,2980,1.204797419,,,,,,,,
234,117.6425842,1524803951,1254547890,26975486,109926,3397,778,52710077,71859,1854687,3121,1.21542108,,,,,,,,
235,118.1432157,1522978716,1257215716,26884802,130092,3804,832,57478879,47845,2173456,3805,1.211390135,,,,,,,,
236,118.6437823,1528014984,1258427687,27445243,118654,3691,782,55349621,64580,1971982,3296,1.214225497,,,,,,,,
237,119.1444121,1528352236,1260679661,27628605,116418,3655,740,54402504,44746,2055345,3324,1.212324021,,,,,,,,
238,119.6450259,1516371179,1265403266,26366591,142784,4553,716,62483521,56011,2805130,4125,1.198330382,,,,,,,,
239,120.1456613,1515633228,1261051919,26663296,137074,4265,655,61792718,45902,2654490,3873,1.201880117,,,,,,,,
240,120.646259,1496763711,1266676834,25106264,160891,5340,603,71280278,50385,3534306,5012,1.181646076,,,,,,,,
241,121.1468949,1497965902,1298451965,23591068,179667,6387,575,83222464,51560,4986955,5994,1.153655231,,,,,,,,
242,121.6475231,1496309103,1279287672,24780667,167201,5513,619,72393271,54603,3929145,5088,1.1696424,,,,,,,,
243,122.1477925,1492365778,1287848104,23209477,179968,6708,625,85945586,54501,5046932,6004,1.158805742,,,,,,,,
244,122.6484209,1500513454,1294429840,24184724,172397,6144,578,80965573,54728,4642672,5447,1.159208022,,,,,,,,
245,123.149058,1485697486,1315612768,21087497,195321,7798,612,101139120,49381,6747517,7191,1.129281748,,,,,,,,
246,123.6496936,1480220587,1364261926,18833031,218264,9620,647,112568722,55997,8134314,8787,1.084997359,,,,,,,,
247,124.1503274,1452536377,1412752891,13915831,236086,12712,436,146664436,49301,11008250,10950,1.028160258,,,,,,,,
248,124.6509607,1416965646,1485999675,6835213,250834,16698,197,193271598,47647,15190668,11968,0.953543712,,,,,,,,
249,125.1516264,1337916844,1364382453,6929206,396063,132261,406,194353991,66519,15560064,435936,0.9806025,,,,,,,,
250,125.6522644,1362221784,1428292769,12058030,1172346,323215,297,76067574,44219,9342210,266527,0.953741287,,,,,,,,
251,126.1529192,1358008989,1530369929,12240689,1139009,276029,745,65626510,60963,9824996,225682,0.887373022,,,,,,,,
252,126.6535709,1374653209,1499451153,12391868,1051065,262890,267,74213109,54873,11476873,275845,0.916770917,,,,,,,,
253,127.1542256,1335086412,1423969185,11984695,1027007,267700,519,78153664,51149,7757817,404792,0.937580972,,,,,,,,
254,127.6548751,1399430950,1435283047,12995074,866127,295520,272,95528275,43190,15358918,612004,0.975020887,,,,,,,,
255,128.1554818,1461340552,1419100101,11932601,560886,243912,229,133502888,42519,7716512,1094223,1.02976566,,,,,,,,
256,128.6561293,1400029777,1027007352,14790390,6680792,14338,280,77988386,43181,14387124,24841,1.363213004,,,,,,,,
257,129.1567693,1384559801,916197164,16591535,9564218,2715,331,47569347,55055,11785413,1054,1.511202889,,,,,,,,
258,129.6574216,1419826394,864586444,13426462,6400491,4786272,460,54135304,44398,8622899,7597646,1.642202933,,,,,,,,
259,130.1581195,1525135019,1432273051,24387822,124135,1122450,750,56395538,62770,1492091,1918862,1.06483538,,,,,,,,
260,130.6587695,1536613648,1330107684,28113804,69610,2731,853,49094283,43375,1168965,2384,1.155255072,,,,,,,,
261,131.1593988,1531201297,1295782342,27684296,91342,3092,852,50393465,73417,1423895,2837,1.181680941,,,,,,,,
262,131.6600298,1538859756,1313041716,28248410,70397,2732,902,47817640,52007,1038353,2392,1.171980857,,,,,,,,
263,132.1606591,1529528550,1288877670,27731049,97914,3307,793,52265879,53260,1786622,3191,1.186713515,,,,,,,,
264,132.6612752,1509374557,1283022854,25751679,134812,4305,665,62225725,50933,3014382,4562,1.176420632,,,,,,,,
265,133.1619027,1533128174,1266464582,27509802,111410,3545,723,54284487,53621,2092040,3304,1.210557481,,,,,,,,
266,133.6625402,1509129958,1275870387,25564929,149099,4662,717,64301372,53541,3323194,4786,1.182823877,,,,,,,,
267,134.1631698,1528798739,1266117633,27575473,117414,3792,795,56047850,72040,2121587,3649,1.207469748,,,,,,,,
268,134.6638049,1507989219,1263989571,26334735,138113,4555,801,62093345,55403,2939200,4558,1.193039289,,,,,,,,
269,135.1644402,1500599962,1285974001,25291500,156936,5132,643,69704341,50904,3800897,5309,1.16689759,,,,,,,,
270,135.6650737,1493641827,1284248396,23459982,179122,6327,525,81279304,49690,4945786,6388,1.163047454,,,,,,,,
271,136.1657063,1501464793,1305800662,23486454,173114,6323,506,81522008,52583,5573505,6513,1.149842267,,,,,,,,
272,136.6663264,1487845155,1356368024,19882973,204837,8803,554,106461042,57380,7629663,7972,1.096933228,,,,,,,,
273,137.1669529,1475188379,1353458392,17567303,218662,10278,508,122294885,58050,9117171,9339,1.089939955,,,,,,,,
274,137.6675933,1460439619,1369413714,13761829,236182,12905,390,149405422,47704,11390832,10512,1.066470712,,,,,,,,
275,138.168229,1421371514,1444962950,7953614,237503,16472,229,184147727,57776,15314194,12844,0.983673328,,,,,,,,
276,138.668867,1317656192,1342512883,3368686,410671,91832,250,198470770,64318,18488806,176383,0.981484952,,,,,,,,
277,139.1695046,1431463285,1415001043,13544006,755866,277373,196,106135417,61494,5842486,423739,1.011634085,,,,,,,,
278,139.6701732,1356828347,1565419604,11882672,1033892,272577,647,63410345,68227,9108812,177744,0.866750578,,,,,,,,
279,140.1708147,1349711765,1502996827,11697565,1040811,278967,259,62448642,47950,12649126,219789,0.898013716,,,,,,,,
280,140.6714557,1391678806,1471993568,12318956,1053746,294848,294,79152537,49603,12491465,371420,0.945438103,,,,,,,,
281,141.1721016,1435577814,1433197246,11923980,729068,248358,275,117249786,41144,11072429,731423,1.001661019,,,,,,,,
282,141.6727511,1484878514,1153717555,10756646,2109412,89961,349,135286777,34075,4226982,542163,1.287038156,,,,,,,,
283,142.173409,1416791145,1031911562,17433275,8870174,2470,417,46175061,44363,10008800,1213,1.372977295,,,,,,,,
284,142.674048,1399745563,1046632072,17423222,8137773,2383,423,49155357,36493,10691329,1378,1.337380729,,,,,,,,
285,143.1746963,1502781847,1150860021,15710852,801705,5200470,631,60011242,43252,1636354,10265144,1.305790296,,,,,,,,
286,143.6753214,1540300400,1338668587,28615877,50268,2264,699,45359429,51832,851940,1927,1.150621158,,,,,,,,
287,144.1759082,1507902175,1183385223,25954185,94503,3002,1001,47341982,80702,1438679,3675,1.274227653,,,,,,,,
288,144.6765008,1506095500,1209976453,26494345,122893,3435,1276,50242932,102249,1954800,4489,1.244731248,,,,,,,,
289,145.1771438,1515176473,1212931585,26792887,98298,3096,1181,50149219,74888,1601811,3364,1.249185438,,,,,,,,
290,145.6777661,1499043711,1197309063,25848574,124289,3723,1173,54137957,91563,2297011,4407,1.252010661,,,,,,,,
291,146.1783966,1523122079,1223830345,27419314,108011,3296,1155,49803618,75894,1728251,3881,1.244553287,,,,,,,,
292,146.6790223,1486963098,1132643576,25333666,112777,3274,1323,48032145,113149,1980880,4986,1.312825261,,,,,,,,
293,147.1796838,1475104915,1103915350,24616220,110151,3350,1313,48778388,109218,2279866,5519,1.336248214,,,,,,,,
294,147.6804896,1501599830,1188705700,26117607,122930,3717,1230,53529175,101736,2247081,4304,1.263222537,,,,,,,,
295,148.181091,1512844863,1238582431,26414658,134576,4108,1203,58196399,78750,2675061,4421,1.221432522,,,,,,,,
296,148.6817211,1511663838,1244260205,26597764,140381,4297,1294,59100326,81884,2620287,4315,1.214909737,,,,,,,,
297,149.1823485,1515275135,1261814670,26326817,139689,4456,1257,60950681,82703,2685078,4694,1.200869804,,,,,,,,
298,149.6829334,1512337427,1240996562,26946883,123435,3726,1137,54828378,72779,2429992,4290,1.218647556,,,,,,,,
299,150.183555,1500268981,1260485543,25165615,149832,4961,1210,66176826,78122,3655335,5453,1.19023101,,,,,,,,
300,150.6837978,1479498865,1246623811,22625257,175672,6107,1179,79286094,72469,4846701,6250,1.186804593,,,,,,,,
301,151.184401,1478628485,1287569083,21477744,179788,6936,1455,87251539,70267,6338609,7696,1.14838769,,,,,,,,
302,151.68499,1473619704,1271926687,21044376,188912,7542,1239,93485232,83299,5957350,6955,1.158572832,,,,,,,,
303,152.1856127,1461864241,1308877899,16569925,207489,10017,1282,117512314,80004,8856828,9912,1.116883586,,,,,,,,
304,152.6862307,1413036538,1344835667,11174891,238496,13382,1370,153798507,79548,12406638,12331,1.050713163,,,,,,,,
305,153.1868703,1361099454,1410855847,3677482,250484,10315,1182,215552300,74871,17864136,8281,0.964733184,,,,,,,,
306,153.6875163,1338627747,1277103496,7284115,370662,115310,1305,171198305,64530,15034098,1343072,1.048174836,,,,,,,,
307,154.1881565,1336334177,1360112813,10497152,1064268,309332,2124,73200565,85084,11190899,222075,0.982517159,,,,,,,,
308,154.6887971,1357663264,1571992008,12047038,863013,228597,2297,63473578,74215,10049407,188176,0.863657867,,,,,,,,
309,155.1894409,1372856137,1489037943,11834815,898183,247129,2297,70755127,74301,7961882,288572,0.921975255,,,,,,,,
310,155.6900814,1376902868,1412248642,12443159,820541,244429,2350,83071605,73968,14344576,419151,0.974971989,,,,,,,,
311,156.1907336,1430296991,1417020997,12674638,611422,237686,2160,108042352,64215,10908779,780052,1.009368947,,,,,,,,
312,156.691396,1426837023,1088596531,10659564,3279352,68025,1543,130029534,66795,13093924,282714,1.310712447,,,,,,,,
313,157.1917946,1375805240,929330876,16429042,8532049,2440,1882,45015069,66807,10866973,1277,1.480425622,,,,,,,,
314,157.6924121,1387429466,949713621,16937087,8635251,2400,1850,46718965,73304,10789332,1379,1.460892458,,,,,,,,
315,158.1930465,1485982628,1142135632,14695518,1201420,5656648,1359,58497179,84139,2197254,9796213,1.301056185,,,,,,,,
316,158.6936814,1530608870,1310202694,27557794,68746,2602,927,46977762,83865,1120027,2742,1.16822296,,,,,,,,
317,159.1942998,1524201497,1265217663,27173369,93177,3207,1297,49414822,88361,1624586,3766,1.204695083,,,,,,,,
318,159.6949353,1520850941,1242717409,27120335,99926,3134,1204,49175690,104621,1533823,3528,1.223810763,,,,,,,,
319,160.1955669,1501922365,1220236164,26592015,108000,3328,1298,51944486,82530,1866275,3983,1.230845642,,,,,,,,
320,160.6961997,1511646415,1226786563,26507365,122826,3602,1165,55311279,87267,2238060,3984,1.23220001,,,,,,,,
321,161.1968201,1519620230,1243175053,27232766,113896,3599,1159,53133009,91490,2061694,4008,1.222370274,,,,,,,,
322,161.6974106,1510296293,1235145645,26336148,128825,4007,1198,58245487,88289,2510232,4460,1.222767776,,,,,,,,
323,162.1980019,1505863108,1236813599,26313129,133401,4025,1140,58586678,88052,2646622,4407,1.217534404,,,,,,,,
324,162.6986353,1510600867,1246483527,26307696,135210,4108,1229,59395055,88963,2701319,4370,1.211889956,,,,,,,,
325,163.1992633,1493747851,1248753240,24520092,150289,4851,1337,67410963,85783,3585988,5455,1.196191372,,,,,,,,
326,163.6997857,1500057953,1261619674,25079601,144835,4799,1260,65044921,92830,3208351,4920,1.188993786,,,,,,,,
327,164.2003855,1497947917,1245962576,24766356,150549,4980,1215,68853925,91797,3788737,5649,1.202241501,,,,,,,,
328,164.7010163,1488515571,1256424814,22830812,174004,6082,1153,81404290,80895,4874360,6579,1.184723156,,,,,,,,
329,165.2016439,1481713161,1276102297,22080709,177643,6447,1154,84653530,78899,5931314,7696,1.161124123,,,,,,,,
330,165.702267,1460232919,1290124384,18901731,204854,8516,1207,106497191,87832,7561850,8705,1.131854368,,,,,,,,
331,166.2028511,1451092346,1316799878,15819769,216036,10143,1365,124059167,80532,9859869,10637,1.101983961,,,,,,,,
332,166.7034795,1419954190,1332411354,12100597,225366,12428,1197,149520160,78516,11909628,12493,1.065702559,,,,,,,,
333,167.2041132,1394064633,1390321292,5808440,219127,16230,1516,189607547,83193,15305303,14320,1.002692429,,,,,,,,
334,167.7047423,1372940280,1237715857,8467480,353854,161779,1257,165630572,92649,10163350,627086,1.109253204,,,,,,,,
335,168.2053925,1342512824,1546125959,11221713,1073658,296983,2062,61951432,62752,9004282,181483,0.868307537,,,,,,,,
336,168.7060412,1345285646,1567460416,11891502,898099,225426,2268,61284280,78082,9637974,219987,0.85825813,,,,,,,,
337,169.2066842,1354439817,1456068128,11585655,962930,250267,2258,69855120,73323,11103531,273858,0.930203602,,,,,,,,
338,169.7073248,1394245306,1493813964,12173257,874071,252053,2304,84715872,81307,7291140,450338,0.933346012,,,,,,,,
339,170.2077915,1446364017,1448338798,12043740,544266,210979,1980,115035035,62015,5646942,814790,0.99863652,,,,,,,,
340,170.7084421,1418737439,1095452478,12693694,3143755,86023,1682,109692132,65606,10615651,396090,1.295115459,,,,,,,,
341,171.209079,1349329436,833407934,15849101,8095640,2251,1625,45808308,57124,12269445,1395,1.619050385,,,,,,,,
342,171.7097386,1384336101,992103073,16673437,7663156,2270,1839,48546447,64318,10577905,1612,1.395355119,,,,,,,,
343,172.2103709,1492822155,1159477932,15724364,548109,5445116,1299,57382663,63138,2367241,9363707,1.287495099,,,,,,,,
344,172.711001,1533315535,1317135051,27953763,61184,2567,1173,46489074,71168,1052523,2594,1.164129323,,,,,,,,
345,173.211623,1529281382,1246309495,27128423,88805,2993,1192,50262599,68757,1460819,3487,1.227047847,,,,,,,,
346,173.7122454,1519422584,1234279404,27395976,95559,3001,1215,49874131,90893,1682431,3217,1.231019961,,,,,,,,
347,174.2128372,1524774281,1231029550,27758784,104397,3219,1197,51983028,73113,1791408,3656,1.238617124,,,,,,,,
348,174.7134594,1519620342,1221905188,27076023,120693,3580,1097,54384183,77445,2005475,3642,1.243648326,,,,,,,,
349,175.214082,1518902010,1231989550,27124260,119591,3619,1161,53908657,74346,2094123,4096,1.232885466,,,,,,,,
350,175.7147131,1503966436,1223731041,26087789,137603,4268,1145,59748474,77113,2676202,4724,1.229000806,,,,,,,,
351,176.2153535,1505145851,1234542430,26340414,133500,4089,1288,59144684,86921,2649476,5051,1.219193293,,,,,,,,
352,176.7159825,1496858383,1238316402,25121752,145750,4639,1089,66213229,72232,3633075,5537,1.208785073,,,,,,,,
353,177.2165817,1489696204,1241516556,24669465,153125,4843,1401,67664041,78445,3654853,5731,1.199900393,,,,,,,,
354,177.7171832,1483339998,1232074848,23576553,170547,5459,1205,72019260,79615,4176768,6860,1.203936596,,,,,,,,
355,178.2178116,1487217161,1265444517,22935688,173476,6132,1310,78199630,82167,4929610,7057,1.17525276,,,,,,,,
356,178.7184474,1483712964,1275826361,22331052,183247,6933,1422,87595998,79510,5174379,6845,1.162942709,,,,,,,,
357,179.2190809,1472646135,1298582982,20629379,196349,7657,1169,96010529,76609,6570919,8390,1.134040839,,,,,,,,
358,179.7197362,1456552990,1305299802,16731255,221395,9859,1452,121615938,101622,8579019,9557,1.115876205,,,,,,,,
359,180.2203368,1430590090,1361777421,11439522,222864,12913,1305,152634453,75503,11439843,12076,1.05053151,,,,,,,,
360,180.7209227,1360266704,1420708786,4043651,237328,12950,1381,208802654,85558,16303535,11420,0.957456389,,,,,,,,
361,181.2215553,1375397741,1298941403,8563324,388735,133912,1096,164819561,66892,13235144,2756667,1.058860498,,,,,,,,
362,181.7222314,1315225432,1465507574,10714181,1058537,290443,2157,55571671,68510,10719328,156633,0.897453862,,,,,,,,
363,182.2228363,1359526115,1583884081,12054485,801808,220004,2110,64349214,66415,11125658,197896,0.858349504,,,,,,,,
364,182.7234447,1372165262,1530836577,12313094,869542,243488,2096,72394979,69131,11022587,293878,0.896349932,,,,,,,,
365,183.2237821,1384972151,1447345475,12454565,809558,238218,2171,83586565,81955,9659236,502440,0.95690502,,,,,,,,
366,183.7243946,1446719842,1445790352,12352943,526991,223375,2008,118413227,79359,5715237,911838,1.000642894,,,,,,,,
367,184.2250026,1436966262,1130380083,11896044,3529313,86705,1799,121035153,69035,18188027,437934,1.271223975,,,,,,,,
368,184.7256431,1354044593,854302806,16130124,8318588,2399,1728,45233086,66406,12986807,1307,1.584970321,,,,,,,,
369,185.2262945,1383379980,973157651,16719556,8488099,2498,1747,48869992,62862,10762487,1504,1.421537383,,,,,,,,
370,185.7264005,1471374259,1203223714,13291026,1210538,5644179,1448,61544754,66952,3028301,9484600,1.22286009,,,,,,,,
371,186.2270281,1534108086,1286412433,27793771,73746,2651,1210,46143963,65966,1051736,2821,1.192547621,,,,,,,,
372,186.7276511,1526164379,1251442955,27192021,101120,3258,1249,51769392,75469,1678814,3136,1.219523729,,,,,,,,
373,187.2282899,1516690646,1252689344,27062539,105999,3394,1349,52351773,80480,1850961,3746,1.210747623,,,,,,,,
374,187.7289094,1520346741,1252192346,27154490,110226,3472,1413,52945910,74774,2022650,3487,1.214147927,,,,,,,,
375,188.2295273,1512287911,1251186859,26622633,124458,3848,1334,56701702,74647,2434185,4005,1.2086827,,,,,,,,
376,188.7301233,1513531211,1249944288,26900862,120119,3689,1382,55574473,77812,2345153,3835,1.210878937,,,,,,,,
377,189.2307562,1509776167,1263411262,26118883,131234,4182,1598,59710422,70351,2854885,4808,1.19499977,,,,,,,,
378,189.731371,1511708394,1249714818,26844543,123012,3742,1478,57182146,90183,2398429,4047,1.20964269,,,,,,,,
379,190.2317831,1501800387,1265605203,25128993,138983,4645,1413,66776997,77597,3310050,5104,1.186626274,,,,,,,,
380,190.7324019,1504548367,1281432365,25759871,138893,4330,1210,62314148,71862,2988161,4578,1.174114536,,,,,,,,
381,191.2330252,1501326015,1277482641,24607117,142871,4846,1403,68167087,69144,3403654,5324,1.175222243,,,,,,,,
382,191.733621,1490493055,1265631343,23997158,158299,5275,1464,70100752,77018,3980129,5838,1.177667623,,,,,,,,
383,192.2342516,1466490761,1300921235,18280900,221603,8954,1483,112142911,74120,8085089,9310,1.127270984,,,,,,,,
384,192.7348838,1355942560,1232243536,15861113,245874,9190,1377,110132442,65572,8759411,10343,1.100385208,,,,,,,,
385,193.2354775,1427328045,1379863897,10771359,242175,13986,1599,158295975,88189,12698218,13367,1.034397703,,,,,,,,
386,193.73581,1363237541,1418514177,4453873,249810,13844,1422,208318307,84858,16480174,11871,0.961032017,,,,,,,,
387,194.2364237,1394300515,1266533788,8922897,396981,169444,1377,153152143,73835,11262217,2411962,1.100879051,,,,,,,,
388,194.7370436,1328691284,1500806100,11248090,1087312,265633,1970,62297282,72528,11238005,168664,0.885318419,,,,,,,,
389,195.2376841,1380985362,1617670970,12496906,878462,207275,2131,66862368,86644,10150315,206681,0.853687423,,,,,,,,
390,195.7383239,1385221677,1572434966,12498732,850527,217341,1849,75715051,68652,6912263,301111,0.88094052,,,,,,,,
391,196.2389666,1420454658,1491134372,12589138,745604,206761,1943,95474818,77198,10404319,492637,0.952600037,,,,,,,,
392,196.7396236,1470537570,1304039442,11089350,386010,187895,1948,152576004,65468,10936855,943377,1.127678752,,,,,,,,
393,197.2402706,1376440712,989593573,16056836,6733181,1996,1716,48480297,70254,14050038,1326,1.390915169,,,,,,,,
394,197.7409126,1350397426,961418431,15772160,7474656,2018,1620,46943761,69322,12856596,1503,1.40458866,,,,,,,,
395,198.2415624,1445104293,924229241,12582721,3175658,5071476,1651,55754414,68386,5026701,9863113,1.563577767,,,,,,,,
396,198.7421839,1529257662,1362475466,27300308,65922,2467,1129,47216320,77390,1083855,2808,1.122411155,,,,,,,,
397,199.2427638,1535808662,1270332926,28166809,82673,2723,1243,47087867,81932,1233883,2902,1.208981229,,,,,,,,
398,199.7433645,1525620763,1242759303,27793063,103226,2976,1171,49887745,82629,1683949,3303,1.227607598,,,,,,,,
399,200.2437961,1522738435,1239595305,27287654,115325,3347,1151,52514287,100225,1922499,3938,1.228415781,,,,,,,,
400,200.7443927,1516917692,1243715711,27058644,113405,3545,1201,53685283,77090,1888777,3805,1.21966594,,,,,,,,
401,201.2450003,1513225604,1239231518,26630763,127463,3671,1170,56655490,81805,2483966,4340,1.221099998,,,,,,,,
402,201.7456273,1513788489,1245542044,26987296,121951,3506,1127,54924618,79800,2269840,4139,1.215365227,,,,,,,,
403,202.246249,1514414401,1247698032,26891213,121341,3655,1139,55515791,78035,2326862,4340,1.213766763,,,,,,,,
404,202.746832,1497279592,1257440731,25381045,147494,4489,1254,64143281,75586,3440032,5592,1.190735718,,,,,,,,
405,203.2474457,1515208414,1269364772,26805832,127079,3770,1340,56979040,77201,2453971,4603,1.193674543,,,,,,,,
406,203.747746,1494408861,1257023417,25756969,143929,4384,1130,62986852,70314,3069878,5030,1.188847273,,,,,,,,
407,204.2483604,1499118139,1257731092,25922759,144564,4262,1354,61871140,81686,3142781,5226,1.19192262,,,,,,,,
408,204.7490107,1495601855,1258689057,24935946,159568,4963,1243,70098521,68489,3663354,5626,1.188221862,,,,,,,,
409,205.2498022,1497807106,1267606557,24687665,159036,5021,1348,69197204,76057,3728180,5620,1.181602523,,,,,,,,
410,205.7504877,1481738031,1304293892,22620200,173138,6589,1279,83031963,73803,5022473,6874,1.136046132,,,,,,,,
411,206.2511183,1469450043,1326893887,19121123,200682,8136,1318,104577047,73462,7744664,8932,1.107435988,,,,,,,,
412,206.7517638,1430157591,1344582769,13219229,234419,11742,1327,141870643,71380,10919220,11179,1.063644146,,,,,,,,
413,207.2524208,1409619937,1424745133,7863617,265880,15347,1436,178182831,82203,13652850,13485,0.989383929,,,,,,,,
414,207.7526826,1316105877,1302055641,5093167,436465,87558,1146,189517222,69378,16537602,1099934,1.010790811,,,,,,,,
415,208.253289,1401496694,1415830011,12428358,801121,239145,1706,92693078,68247,6324120,382668,0.989876386,,,,,,,,
416,208.7539139,1340092323,1539828955,11602520,988839,230760,2312,64730710,71668,8847760,204355,0.870286481,,,,,,,,
417,209.2545601,1406369777,1764964529,13406444,715998,188475,2201,74839165,71946,6015481,296103,0.796826086,,,,,,,,
418,209.7551873,1382884702,1447365536,12625960,845604,231393,2257,86934241,64634,15101417,462881,0.955449517,,,,,,,,
419,210.255805,1463681516,1370708799,12152712,463932,198020,2038,134320184,65382,10100617,849210,1.067828205,,,,,,,,
420,210.7564248,1422050041,1046295743,13243610,4012811,65153,1731,102356586,53873,11861283,415367,1.359128192,,,,,,,,
421,211.2570682,1382139462,958192982,16480144,8470636,2226,1723,46700013,59729,11399498,1517,1.442443733,,,,,,,,
422,211.7577093,1384419135,997285550,16061105,6870824,393028,1766,49218617,59968,10380363,1929209,1.3881873,,,,,,,,
423,212.258396,1489427960,1393771811,15324233,210631,4939692,1217,62357601,75656,2414247,7981324,1.068631141,,,,,,,,
424,212.7590258,1525529464,1308856191,27348716,80229,2732,1241,48848182,79324,1381328,2866,1.165543988,,,,,,,,
425,213.2596526,1521098324,1283218372,27023283,110975,3460,1365,54342637,73049,2057974,3809,1.185377608,,,,,,,,
426,213.7597862,1500366014,1213994056,25989363,133263,3595,1329,54225785,89517,2349134,4782,1.235892389,,,,,,,,
427,214.2604168,1525615950,1260456955,27390725,112717,3380,1368,52591826,71508,1892315,3531,1.210367354,,,,,,,,
428,214.7610597,1519285711,1234719113,27418470,109280,3289,1314,51865133,83339,1913583,3770,1.230470716,,,,,,,,
429,215.2616884,1512341914,1261501770,26175162,131860,4008,1120,58985504,76008,2532169,4219,1.198842483,,,,,,,,
430,215.7623227,1498664227,1261152939,24943421,142932,4657,1335,66906104,81175,3453479,5244,1.188328696,,,,,,,,
431,216.2629978,1517658380,1281340719,26529610,131929,4141,1255,61028278,75520,2642784,4182,1.184429994,,,,,,,,
432,216.7638022,1498012186,1265291593,24777880,152061,4888,1460,69539079,79778,3964144,5706,1.183926452,,,,,,,,
433,217.2644448,1495960644,1289870582,23536308,170827,5795,1270,79814548,65978,4869216,6378,1.159775767,,,,,,,,
434,217.7650545,1471016373,1298767991,21624099,188669,6853,1442,88396689,74730,5615308,7336,1.132624443,,,,,,,,
435,218.2656831,1451567718,1356674285,16065121,237568,10652,1453,130341734,76847,9977009,11100,1.069945627,,,,,,,,
436,218.7662944,1399641693,1377174030,9372523,256445,14366,1471,170248561,76420,13656841,14009,1.016314324,,,,,,,,
437,219.2669301,1329792451,1361743668,3440235,266878,40853,1318,206398793,78603,18114698,50175,0.976536541,,,,,,,,
438,219.7675795,1394034495,1309522044,11340094,626500,221208,1480,122453589,73722,6462545,488316,1.064536868,,,,,,,,
439,220.2684242,1354048134,1533581325,11543107,1067048,265770,2178,65123073,66411,10946071,136454,0.88293207,,,,,,,,
440,220.7690701,1391040914,1637857903,12468914,774638,195302,2133,79061827,68244,6069571,256537,0.849305005,,,,,,,,
441,221.2697427,1420966608,1619413691,12823928,726792,203899,2175,88726909,72766,6671550,398665,0.87745745,,,,,,,,
442,221.7704144,1449477413,1449709499,12230851,515136,211137,2087,125766491,71618,9470537,795036,0.999839909,,,,,,,,
443,222.2710573,1426677901,1127371466,14441827,3357938,73381,1725,93809212,69036,14286211,332807,1.265490518,,,,,,,,
444,222.7717078,1359779066,922553685,16512645,6490697,2129,1693,46738846,71983,11974957,1492,1.473929472,,,,,,,,
445,223.2723616,1397921657,1037218333,16672580,6442558,583825,1827,48164176,68849,10406017,1544057,1.347760267,,,,,,,,
446,223.7730268,1507597287,1434957593,15254625,213117,4260307,1410,66572808,72596,1155213,8360427,1.050621492,,,,,,,,
447,224.2736115,1536332638,1361352247,27851647,69520,2548,1291,47691716,87936,1124908,2675,1.128534251,,,,,,,,
448,224.7742125,1534394266,1294990490,27869270,81687,2744,1061,48320459,81353,1260100,2641,1.184869138,,,,,,,,
449,225.274831,1529185565,1263105592,27586191,104787,3179,1380,51307697,76524,1661418,3270,1.210655368,,,,,,,,
450,225.7754615,1502815091,1230782183,27199185,105149,3132,1282,51160132,73096,1700394,3291,1.221024412,,,,,,,,
451,226.2757877,1518766397,1260673545,27460898,105715,3360,1303,51986851,71941,1945330,3731,1.204726159,,,,,,,,
452,226.7763922,1510851765,1255868996,26634794,119673,3661,1426,56069114,79708,2326784,4239,1.203032936,,,,,,,,
453,227.2770062,1523913896,1265805636,27625657,109376,3374,1188,52402815,84165,1930504,3650,1.203908288,,,,,,,,
454,227.7776482,1512112084,1267097105,26142634,131258,4062,1149,61299870,74928,2483431,4235,1.193367168,,,,,,,,
455,228.2782662,1513869036,1286897787,26631582,126833,3923,1282,57322914,70855,2388875,4493,1.176370844,,,,,,,,
456,228.7789025,1498099390,1262269060,24988687,150835,4731,1325,66808979,68050,3193443,5149,1.186830477,,,,,,,,
457,229.2795029,1499355258,1277950821,25359792,150559,4698,1419,65780667,82953,3280078,5397,1.173249575,,,,,,,,
458,229.7801228,1476926983,1273027762,22204569,188126,6416,1409,85055346,74432,5466702,7814,1.160168715,,,,,,,,
459,230.280751,1472214965,1308301223,20227982,208853,7930,1387,99240422,79986,6676289,8335,1.125287464,,,,,,,,
460,230.7813971,1460026728,1320167678,18181747,219331,9068,1431,113756892,83948,8001094,9112,1.105940368,,,,,,,,
461,231.2820225,1395939881,1437060997,7924203,309179,15697,1480,185442297,74847,14272668,13970,0.971385268,,,,,,,,
462,231.7826209,1342132313,1323914383,5146789,374600,3043,1052,232763965,71805,16961529,1775,1.013760656,,,,,,,,
463,232.2832199,1372471669,1279851877,10591173,597916,221501,1305,122966470,86704,8006390,800059,1.072367587,,,,,,,,
464,232.7838442,1353068426,1559364421,11804742,1015600,249004,2083,64997370,72658,9468639,127016,0.867705078,,,,,,,,
465,233.2844469,1428817763,1823481514,14068400,587806,170480,2127,83264232,74101,4840417,263906,0.783565806,,,,,,,,
466,233.7850662,1390114925,1437045946,12563913,839104,231771,2100,90080492,73526,7325984,408351,0.967342018,,,,,,,,
467,234.2856739,1458853618,1366391111,11559077,467187,195386,2073,135729981,69471,9525815,784003,1.067669137,,,,,,,,
468,234.7862844,1413482133,1049861596,13794663,4556619,39030,1592,89121363,62888,13363272,225052,1.346350927,,,,,,,,
469,235.2869377,1375841005,1000471279,16338505,7063342,2109,1675,48028380,58628,12774678,1640,1.375192905,,,,,,,,
470,235.7876093,1418395568,925602903,13943708,4942194,2571231,1641,50216649,61426,8237776,5009203,1.532401814,,,,,,,,
471,236.2883125,1507869726,1435987013,20377173,178774,2444227,1292,62278344,70128,1359733,5007764,1.050058052,,,,,,,,
472,236.7889169,1525055708,1307202162,27647330,84655,2949,1163,49318343,71635,1458600,3138,1.166656354,,,,,,,,
473,237.2895333,1531186612,1263561823,27866037,99378,3107,1090,49850679,73175,1625611,3534,1.211801895,,,,,,,,
474,237.7901476,1518992571,1248231114,27283167,108779,3487,1087,52174471,79955,1868694,3651,1.216916126,,,,,,,,
475,238.2907976,1520959373,1258114264,27240363,116741,3410,1310,52468778,76625,1896114,3872,1.208919902,,,,,,,,
476,238.7914312,1525184156,1275017351,27864025,100380,3193,1119,52130119,74436,1824914,3371,1.196206589,,,,,,,,
477,239.2920479,1529809482,1282845869,27904210,94708,3106,1241,49914291,75218,1542682,3498,1.192512303,,,,,,,,
478,239.7926413,1518194577,1271612050,26788298,123761,3798,1212,55573767,77183,2307336,4195,1.19391333,,,,,,,,
479,240.2932964,1499401788,1279654008,25476346,145258,4719,1311,65220501,66658,3712565,5469,1.171724371,,,,,,,,
480,240.7938837,1493131191,1311793760,24287771,164396,5347,1239,72663149,60764,3988553,5732,1.138236235,,,,,,,,
481,241.294499,1482783152,1330516671,22999221,178870,6247,1401,82876029,67122,5312179,7174,1.114441618,,,,,,,,
482,241.7951249,1464007483,1354141574,18308833,223760,9136,1315,114279055,66904,7702872,8385,1.081133252,,,,,,,,
483,242.2957802,1393067283,1449203189,7989977,296842,14526,1389,180668504,67447,15106379,14106,0.961264296,,,,,,,,
484,242.7964039,1326691244,1231147745,7070450,367879,125537,1281,178892042,76570,12829752,418090,1.077605226,,,,,,,,
485,243.2970271,1383352660,1488740682,11196696,818448,232969,1802,86193953,68217,7118434,240665,0.929209954,,,,,,,,
486,243.7976987,1396611632,1722334288,12903807,700478,184700,2290,73420203,75820,8263360,214390,0.810883022,,,,,,,,
487,244.2983293,1425386593,1787996165,13580927,601536,182814,2242,83915641,64426,5993234,369132,0.797197791,,,,,,,,
488,244.7989631,1426124677,1528002926,11979182,660400,206809,2154,105321903,72579,6213735,725170,0.933325881,,,,,,,,
489,245.2996123,1458640925,1305061459,10978336,517032,166217,1764,143063831,54335,17909594,813247,1.117679872,,,,,,,,
490,245.7997934,1370567168,967224467,16781559,6517729,2175,1665,45546855,63626,11120083,1517,1.41701044,,,,,,,,
491,246.3004314,1354383551,1029118255,16214547,6951115,2116,1900,48090595,73248,13561064,1960,1.316062119,,,,,,,,
492,246.8010461,1454677584,1176166583,12413999,1883220,4963587,1578,58691049,86073,4515118,9298692,1.23679554,,,,,,,,
493,247.301671,1532265218,1542451266,26200095,73372,2738,1255,52482007,88950,1153923,3021,0.993396195,,,,,,,,
494,247.8022901,1530447634,1356458261,27243754,80685,2910,1143,50782750,74315,1390890,2782,1.128267399,,,,,,,,
495,248.3028745,1527368957,1313426469,27409757,96761,3226,1215,51988767,65959,1713883,3433,1.16288882,,,,,,,,
496,248.803471,1518645599,1268488546,27236937,107786,3191,1314,51218025,94716,1776129,3547,1.19720876,,,,,,,,
497,249.303765,1514146663,1292841136,26951120,120680,3553,1508,54369823,86619,2153613,3973,1.171177665,,,,,,,,
498,249.8043659,1519400689,1288845990,27277829,118024,3490,1484,53853637,93915,2038001,3637,1.1788846,,,,,,,,
499,250.3047357,1509234493,1297605287,26332335,129511,3780,1272,57355563,93126,2624888,4533,1.163092127,,,,,,,,
500,250.8053378,1512014228,1295761080,26668971,126663,3764,1242,56142772,96958,2202820,4129,1.166892764,,,,,,,,
501,251.305972,1500669149,1300753274,25900877,148437,4339,1548,60482044,97762,2827849,4796,1.153692387,,,,,,,,
502,251.8066056,1486704782,1274077300,24476631,171396,5257,1591,70308945,96643,3652360,5517,1.166887427,,,,,,,,
503,252.3071956,1480701022,1314135926,22320727,199018,6657,1603,82387984,86041,5461179,7809,1.126748758,,,,,,,,
504,252.8077982,1471339854,1305529487,20622878,216627,7543,1639,93850020,97967,6194844,7998,1.127006221,,,,,,,,
505,253.3084025,1459179723,1366124160,17849666,249059,9491,1529,113259751,89083,8041126,9612,1.068116476,,,,,,,,
506,253.8089943,1382152919,1392375661,7730840,318149,12990,1481,190944098,72295,14826179,10999,0.992658058,,,,,,,,
507,254.3096292,1372752323,1240502233,9368120,443447,190861,1447,144845359,86997,8724758,586473,1.106610118,,,,,,,,
508,254.8103315,1384458933,1738523817,12328549,854553,226833,2238,69098384,66377,8023133,128845,0.796341655,,,,,,,,
509,255.3109543,1462642670,1971458508,14251482,424065,152866,2090,96344449,80877,6570941,344610,0.741908929,,,,,,,,
510,255.8115886,1466379921,1659764602,13140053,511881,189777,2128,115726256,67363,4115843,629045,0.883486682,,,,,,,,
511,256.3117955,1438972589,1167904133,10846193,1246974,135717,1953,130045598,76615,12652020,610674,1.232098208,,,,,,,,
512,256.8124461,1366870928,998271247,17021993,5524730,1925,1805,47835679,64494,11402419,1517,1.369238002,,,,,,,,
513,257.3131115,1388970571,1091137900,16947826,6338181,2013,1986,47789122,74861,12159637,1832,1.272956031,,,,,,,,
514,257.8137204,1478436859,1371507193,13312032,1004400,4396898,1590,63943198,67740,2192069,9890590,1.077965079,,,,,,,,
515,258.3143364,1518558610,1391756298,27006378,65566,2591,1184,48005230,83957,1064972,2548,1.091109566,,,,,,,,
516,258.8149558,1533030532,1304585868,28048578,67046,2601,1267,46707945,75245,1122189,2675,1.175108952,,,,,,,,
517,259.3155789,1527300782,1295624896,27347432,95846,3193,1151,51906983,78477,1765932,3223,1.178814012,,,,,,,,
518,259.8157766,1527142341,1287684959,27413670,96369,3277,1244,51701899,83460,1710773,3332,1.185959602,,,,,,,,
519,260.3163729,1525336955,1297355349,27171119,110546,3481,1260,53289963,84761,1892949,3564,1.175727958,,,,,,,,
520,260.8169769,1518421940,1304433194,26856239,117669,3680,1286,55569754,79763,2140884,3771,1.164047302,,,,,,,,
521,261.3175885,1517025389,1305625755,26633867,115300,3752,1313,55963723,83633,2217623,4017,1.161914418,,,,,,,,
522,261.8182105,1512587485,1343357341,26064553,125360,4084,1348,60302268,78590,2451447,4025,1.125975523,,,,,,,,
523,262.3188382,1504898371,1309628759,25166172,151024,4796,1411,67393674,77602,3326603,5146,1.149103027,,,,,,,,
524,262.8194643,1474011552,1326084108,21809143,191282,6721,1409,90623654,81088,6437916,8348,1.111552083,,,,,,,,
525,263.3197965,1442667183,1383720625,15342288,261377,10728,1544,129577275,78923,9477366,11553,1.042600043,,,,,,,,
526,263.8204059,1315057684,1276539099,5050907,368004,46752,1188,196163820,81663,17552770,69152,1.03017423,,,,,,,,
527,264.3210687,1430657466,1389445567,11625652,575712,216820,1542,129031734,68307,4942782,600194,1.029660679,,,,,,,,
528,264.8217041,1404560779,1960263739,13170147,732944,201007,2140,72981696,71165,8430064,214504,0.716516227,,,,,,,,
529,265.3223352,1455445522,2046802690,14785787,450111,162863,2093,87013014,80633,7500222,386845,0.711082475,,,,,,,,
530,265.8229964,1445040744,1652899310,12721894,647774,238014,2177,109135631,74174,4246102,818834,0.874246081,,,,,,,,
531,266.3235977,1445936123,1301438829,12464266,1111299,145301,2005,136420033,77957,19494746,791656,1.111028879,,,,,,,,
532,266.8242238,1377233135,1081198345,17149330,4226472,1727,1768,49770863,74304,10942609,1625,1.273802482,,,,,,,,
533,267.3248665,1389928388,1121708995,16671325,4974555,1754,1833,48962294,65068,11325302,1658,1.239116735,,,,,,,,
534,267.8254967,1503830710,1248988803,15682835,262872,4011659,1315,61829558,77611,1239482,10108491,1.204038584,,,,,,,,
535,268.326122,1531366487,1352350894,27540084,90307,3021,1048,50733805,79455,1530132,2929,1.132373627,,,,,,,,
536,268.8266458,1518312445,1277740320,27094633,104035,3473,1278,53391172,75410,2153422,3646,1.188279356,,,,,,,,
537,269.3269681,1525670121,1272758351,27606610,105814,3426,1201,52259177,81087,1844602,3456,1.198711538,,,,,,,,
538,269.827593,1510789155,1264325542,26684653,131159,4090,1312,58395081,77315,2605027,4371,1.19493683,,,,,,,,
539,270.3277947,1498721109,1279296146,26000785,148382,4288,1396,59819041,100773,3175007,5338,1.171520069,,,,,,,,
540,270.8284032,1508838709,1303488043,26624111,134964,3950,1195,57442644,81181,2440806,4151,1.157539355,,,,,,,,
541,271.3290224,1499896509,1346910359,25053737,166722,5084,1409,71483785,79646,3653395,5510,1.113583023,,,,,,,,
542,271.829651,1458248067,1361676779,18902106,235970,8696,1436,104341942,78497,7057063,9126,1.07092086,,,,,,,,
543,272.3302919,1392175255,1424472345,8737508,319885,11114,1470,177398770,83297,14111396,10622,0.97732698,,,,,,,,
544,272.8308049,1354601558,1212270118,7495017,269722,130891,1067,177667414,74349,11644999,558059,1.117409015,,,,,,,,
545,273.331447,1380411247,1625377735,11624211,851920,243551,2141,76193219,69901,7678306,251199,0.849286426,,,,,,,,
546,273.8320825,1435094729,1856546420,13447137,402725,148188,2087,97312545,84034,9070936,325379,0.772991568,,,,,,,,
547,274.3326919,1486048894,1841909280,13933814,369969,174662,2094,121956656,73102,5123927,664946,0.806798093,,,,,,,,
548,274.8333856,1432506738,1406165719,10765347,564802,179079,2078,128122554,68328,14482426,615113,1.018732514,,,,,,,,
549,275.3340063,1370909617,1048424772,16966006,4950709,1891,1823,47906189,82884,11962803,1766,1.307589875,,,,,,,,
550,275.8346324,1366191433,1058180060,17224877,4791310,1843,1792,48354840,71813,9445879,1424,1.291076523,,,,,,,,
551,276.3352807,1467414407,1352448986,13409511,1220054,4208293,1592,63063081,82188,3228590,7773943,1.085005366,,,,,,,,
552,276.8357631,1530569018,1354679088,27422166,88491,3085,1384,50664420,80821,1587425,3059,1.129838817,,,,,,,,
553,277.3363575,1522567679,1321156731,27101095,107268,3543,1422,53755947,78886,2098263,3695,1.152450457,,,,,,,,
554,277.8369861,1506536771,1313777272,26067768,123537,4038,1409,59528398,79031,2731759,4457,1.146721597,,,,,,,,
555,278.337623,1510779582,1338405965,26028165,126833,4180,1243,59752144,75871,2562033,4388,1.128790234,,,,,,,,
556,278.8378712,1509647111,1339982265,26324615,121675,4123,1446,59357314,73270,2470200,4236,1.126617233,,,,,,,,
557,279.3384936,1518408620,1346273671,26514349,116169,3832,1427,58381248,70874,2447508,3937,1.127860295,,,,,,,,
558,279.8391163,1504608641,1348080160,24911512,144256,4936,1460,69194769,73578,3654215,5091,1.116112146,,,,,,,,
559,280.3397548,1461235491,1357023047,18568590,212523,8382,1628,101071030,102468,7444185,9722,1.076794896,,,,,,,,
560,280.84036,1368523004,1336860485,7662678,285971,35350,1432,178867763,79421,15926069,93664,1.023684236,,,,,,,,
561,281.3410212,1402165202,1333784584,10476251,444785,188696,1492,132872522,81059,6322987,640067,1.051268112,,,,,,,,
562,281.8416633,1410597433,1929399147,13078820,773090,199258,2120,75110408,77766,5465125,189554,0.731107109,,,,,,,,
563,282.3423094,1476710749,2074170867,14632665,410035,160502,1975,100026838,69887,5439925,467656,0.711952314,,,,,,,,
564,282.8429374,1468005971,1494093919,11985879,341301,186439,2019,153941620,72944,10988832,803710,0.982539285,,,,,,,,
565,283.3435814,1419314057,1224848866,14673717,2222709,56062,1854,80881432,72527,12832590,239333,1.158766682,,,,,,,,
566,283.8442191,1367498149,1084167609,16596801,4268260,1685,1703,49827695,65589,11649176,1402,1.261334629,,,,,,,,
567,284.3448541,1436572944,1170606534,12049495,2577110,4031923,1634,61117785,67608,6650437,8787511,1.227203934,,,,,,,,
568,284.8454814,1532119046,1505416514,26774905,72533,2664,1326,52541329,69075,1145979,2690,1.017737637,,,,,,,,
569,285.3460442,1518728905,1284992851,27127786,112621,3528,1462,55027233,84572,1974094,3665,1.181896774,,,,,,,,
570,285.8466918,1516441022,1282344977,27047837,107442,3773,1419,57609801,84422,2242645,3812,1.182553095,,,,,,,,
571,286.3473162,1516654482,1284073961,27011498,120934,3481,1212,53346190,88074,2057443,4330,1.181127044,,,,,,,,
572,286.8478963,1526332761,1305135871,27948036,101350,3224,1348,51600970,85000,1758132,3357,1.169481887,,,,,,,,
573,287.3484994,1521745649,1320087010,26947951,123962,3834,1247,56587937,75161,2364183,4045,1.152761627,,,,,,,,
574,287.8491602,1494639611,1327335339,24614024,159404,5200,1378,72089969,91011,3695236,5549,1.126045218,,,,,,,,
575,288.3497856,1483198914,1330096561,24377398,158426,4596,1588,65861071,137313,3323587,5681,1.115106194,,,,,,,,
576,288.850414,1487798696,1326380882,24115501,151475,4697,1593,68252486,149832,3374030,5591,1.121697935,,,,,,,,
577,289.3510902,1451179551,1402294048,18134844,218546,8555,1517,110576663,102093,7598928,9869,1.034861093,,,,,,,,
578,289.8517881,1318470278,1216889085,6373890,354114,106302,1455,178251127,92761,14365235,351407,1.083476131,,,,,,,,
579,290.3523955,1421759408,1455167603,10754021,725681,209163,1812,111916694,88166,7657686,362754,0.977041686,,,,,,,,
580,290.8530638,1465757455,1914873412,13208332,455591,146089,2004,102930579,83899,3150591,329657,0.765459192,,,,,,,,
581,291.3537305,1464801637,1608161647,11631021,333027,161882,1913,138184227,71280,6027028,805807,0.910854726,,,,,,,,
582,291.8543635,1421978895,1334152168,13093964,1751667,79882,1691,108757357,79343,13083511,528948,1.065829618,,,,,,,,
583,292.3549933,1380508571,1027752512,17104902,5020787,1860,1756,47254706,71671,10294595,1512,1.343230549,,,,,,,,
584,292.8556532,1410223356,988735177,13002523,2587131,2843819,1551,53631061,71403,7364833,7406788,1.426290263,,,,,,,,
585,293.3563898,1526759575,1873973489,20038335,141349,1223748,1466,67672816,81122,1187270,1720678,0.814717809,,,,,,,,
586,293.8570132,1532372180,1669486275,24764541,73035,2925,1390,56971024,93120,1270598,2719,0.917870487,,,,,,,,
587,294.3576356,1531109439,1617113118,24956353,83331,3027,1385,56260926,83222,1419125,3066,0.946816535,,,,,,,,
588,294.8582732,1530895057,1600611949,25130111,82133,3141,1424,56361753,90767,1499086,3255,0.956443601,,,,,,,,
589,295.3588994,1528158374,1584087266,24969894,89634,3259,1511,56761102,97712,1610274,3382,0.964693301,,,,,,,,
590,295.8595311,1526392478,1583041762,25292614,86969,3223,1432,55958725,91582,1558645,3133,0.964214915,,,,,,,,
591,296.3601531,1532436693,1566810723,25324875,92106,3141,1302,55578452,81223,1541244,3060,0.978061147,,,,,,,,
592,296.8607835,1529808596,1584543280,25321147,86918,3238,1323,56526071,72665,1576990,3083,0.965457123,,,,,,,,
593,297.3614068,1534264423,1574261087,25708929,83817,3168,1232,55969939,68840,1582396,2968,0.974593373,,,,,,,,
594,297.8620311,1524016349,1575050820,25006011,96523,3386,1286,57468749,82555,1729881,3508,0.967598207,,,,,,,,
595,298.3626242,1524254141,1591594474,24496639,101248,3504,1387,60390204,74068,2032526,3566,0.957690018,,,,,,,,
596,298.8632874,1523780101,1610228775,24763643,92834,3417,1227,59745505,74130,1835341,3485,0.9463128,,,,,,,,
597,299.3637849,1526905471,1608485239,24896204,91542,3495,1286,60028524,69758,1904128,3389,0.949281618,,,,,,,,
598,299.8644084,1517433038,1633036458,23909245,96602,3641,1385,61648332,71828,2049390,3500,0.929209529,,,,,,,,
599,300.3650182,1522378600,1615353630,24275520,96028,3540,1327,60334128,79826,2061027,3407,0.942442925,,,,,,,,
600,300.8656961,1521554994,1615808659,24356682,95915,3588,1442,61007829,92030,2114935,3739,0.941667805,,,,,,,,
601,301.3664139,1500444985,1345732192,25323794,142692,4357,1374,62800481,78025,2933507,4824,1.114965514,,,,,,,,
602,301.8671379,1484227352,1309850800,23610581,179125,5745,1425,73287977,99790,3954093,6221,1.133127034,,,,,,,,
603,302.3678,1466875363,1350233543,19798660,234309,8065,1446,100291440,87357,6795100,9089,1.086386404,,,,,,,,
604,302.8684114,1447936449,1379198202,16360600,275861,10527,1431,122282116,99124,8135518,10485,1.049839281,,,,,,,,
605,303.3690138,1392194375,1211338663,10281823,404588,6716,1156,183734747,79096,13833594,5822,1.149302352,,,,,,,,
606,303.8696754,1401971674,1138430021,7037694,264011,154424,1356,171382646,94225,7147128,667531,1.231495699,,,,,,,,
607,304.3703166,1418569952,2081230124,13283523,690232,181931,2029,71985730,81934,5655997,159920,0.681601681,,,,,,,,
608,304.870962,1490342639,2357815841,14938326,348018,146463,1874,93276839,99825,1953027,391377,0.632086108,,,,,,,,
609,305.3715962,1509351048,1735562042,11973778,120765,148127,1679,162310370,64726,9335029,828973,0.869661246,,,,,,,,
610,305.872273,1401740247,1399033415,16066802,2166746,14359,1598,69361079,77882,13908458,1647,1.001934787,,,,,,,,
611,306.372923,1445423803,1445559641,15699103,1896957,821882,1493,57502033,63666,6509183,3718740,0.999906031,,,,,,,,
612,306.8735965,1511010282,1654809096,19836954,164813,2578234,1245,66088101,85834,1511305,3243854,0.913102475,,,,,,,,
613,307.3741949,1528303323,1325930732,27410888,105947,3370,1528,52071866,83194,1883742,3862,1.15262682,,,,,,,,
614,307.8748207,1530026374,1320644840,28068111,97058,2972,1349,48887581,93271,1433944,2928,1.158544923,,,,,,,,
615,308.3754403,1522818053,1307373693,26970113,117904,3508,1393,52829405,78918,1993046,3952,1.16479172,,,,,,,,
616,308.8757763,1516343365,1322889626,27153388,121307,3558,1554,53426675,92483,2229316,3894,1.146235737,,,,,,,,
617,309.3763858,1499225581,1305808803,25221311,145117,4479,1461,60285843,77313,3214865,5657,1.14812029,,,,,,,,
618,309.8769865,1487204149,1361629696,23636747,169030,5223,1538,69790559,105515,3919605,6107,1.092223644,,,,,,,,
619,310.3776107,1470489625,1410490513,19394850,225231,8686,1516,102505563,75124,6680836,8585,1.042537764,,,,,,,,
620,310.8782336,1309862585,1239118496,6325552,437237,72531,1415,162887404,103374,16339568,136624,1.057092271,,,,,,,,
621,311.378869,1485534545,1638572621,12655498,367828,158928,1426,132383487,68476,3571772,499739,0.906602811,,,,,,,,
622,311.879468,1436455406,1844132333,13163841,620265,175064,2010,92741463,67369,7792126,243652,0.778932932,,,,,,,,
623,312.3801028,1497001574,1995370498,13281469,266308,148268,1932,124288112,64410,5833300,665181,0.7502374,,,,,,,,
624,312.8809026,1463974070,1324715248,11823693,1234723,83620,1603,129181877,76046,9855103,602255,1.10512359,,,,,,,,
625,313.3815313,1376662369,1170351567,16732286,4094937,1676,1829,50623523,63692,11244132,1508,1.176281049,,,,,,,,
626,313.8821585,1423625782,1086749104,13811709,1831081,3145241,1768,57014738,77233,6260958,7177443,1.309985697,,,,,,,,
627,314.3828132,1526703523,1571201198,24094654,119510,482287,1443,58706922,82023,1500405,1008456,0.9716792,,,,,,,,
628,314.8834144,1519888992,1369010622,26797899,99815,3300,1308,52239855,107787,1823942,3461,1.110209788,,,,,,,,
629,315.3837407,1531950372,1351055242,27344493,109240,3293,1233,51635801,75984,1695044,3464,1.133891735,,,,,,,,
630,315.8843444,1525691876,1355217459,27151056,112302,3383,1081,52894820,99181,1855092,3317,1.12579119,,,,,,,,
631,316.3850973,1523998162,1335366444,26921858,124189,3646,1354,54786613,70396,2046905,3845,1.141258393,,,,,,,,
632,316.8856955,1510305999,1356154256,26248746,133209,4030,1185,58793926,88939,2541449,4208,1.113668296,,,,,,,,
633,317.3863046,1489667349,1359627181,23868477,160338,5039,1387,68548010,82484,3823254,5988,1.09564399,,,,,,,,
634,317.8869215,1502469095,1374160661,25004504,137541,4613,1244,66376787,76177,3267085,4769,1.093372222,,,,,,,,
635,318.3875408,1486101538,1430766360,21444295,181100,6676,1478,86911507,67625,5961567,8137,1.038675202,,,,,,,,
636,318.8877919,1467729389,1345946135,20504974,192749,7496,1619,90450429,82455,6251601,8168,1.090481521,,,,,,,,
637,319.3883961,1420391549,1390923135,11385750,263865,12411,1542,144710202,83361,12201654,13183,1.021186228,,,,,,,,
638,319.888998,1310273385,1210287155,4042878,310347,34383,1147,194104570,93137,17491088,48840,1.082613642,,,,,,,,
639,320.3896352,1450917179,1370913918,9894366,443426,162689,1392,146280704,87633,3784095,480557,1.058357611,,,,,,,,
640,320.8902705,1434322237,1833426501,12990055,658113,163026,2071,86888777,92401,5703847,191141,0.782317827,,,,,,,,
641,321.3909031,1493393128,1939056709,13577416,355704,129935,1979,112909762,78832,5963788,346769,0.770164751,,,,,,,,
642,321.891529,1468442856,1382753598,10209809,1280011,63129,1558,146014404,70927,5720435,321952,1.061970013,,,,,,,,
643,322.3917763,1361740262,1003387366,16343792,4155031,1645,1649,49473704,65267,10309020,1481,1.357143122,,,,,,,,
644,322.8923866,1411405521,1243074617,17212369,3010611,576194,1746,51602577,80029,8566725,2072236,1.135414964,,,,,,,,
645,323.3930588,1501123321,1455214208,17788393,179515,3441038,1371,61478267,73142,1494562,6245733,1.03154801,,,,,,,,
646,323.8936753,1508986977,1429435262,26524844,74605,2765,1303,50289961,104882,1235044,2539,1.055652548,,,,,,,,
647,324.3943018,1533786750,1368327012,27329338,92467,3036,1152,50820569,75784,1436857,3000,1.120921195,,,,,,,,
648,324.8949288,1523635853,1341716234,27294439,100091,3203,1289,51024169,115809,1607932,3213,1.135587253,,,,,,,,
649,325.3955457,1532054274,1345637827,27383576,103640,3232,1350,51640504,80522,1558812,3168,1.138533893,,,,,,,,
650,325.8957757,1518730495,1343101793,27085426,111242,3440,1391,53690723,109649,2012226,3530,1.130763508,,,,,,,,
651,326.3963608,1520061878,1336649335,26529978,122464,3483,1226,55650263,89096,2221919,4048,1.137218146,,,,,,,,
652,326.8969563,1521283116,1346858883,26803803,115454,3535,1246,55343149,108693,1964018,3663,1.12950446,,,,,,,,
653,327.3975555,1523113477,1342420930,26789588,118390,3478,1245,54867617,84302,1986033,3527,1.134602004,,,,,,,,
654,327.8981684,1495003163,1341414395,25080033,144380,4451,1387,63632419,110660,2936336,4926,1.114497629,,,,,,,,
655,328.3984316,1491376208,1386707140,23434035,164060,5256,1183,72017091,87353,3849687,6131,1.075480298,,,,,,,,
656,328.8990345,1476574366,1420491280,21140035,192625,6733,1595,88709315,109477,5157633,7729,1.039481472,,,,,,,,
657,329.399669,1431175771,1367676851,13919544,295031,10344,1489,142783948,89201,10633729,10845,1.046428306,,,,,,,,
658,329.9003151,1394838800,1280854615,8183722,417976,186787,1204,148796715,100385,6506538,563972,1.088990728,,,,,,,,
659,330.4009393,1415762975,1809216445,12698297,752354,213122,2057,81334894,69989,8516315,183750,0.782528248,,,,,,,,
660,330.9015672,1502432064,2131395161,15741488,227745,136185,1583,113565580,75800,5894346,415931,0.704905449,,,,,,,,
661,331.4022246,1469211061,1566043689,13593997,441059,182192,1857,124546508,66599,8403346,729798,0.938167352,,,,,,,,
662,331.9028226,1432202534,1083870263,15167241,2658151,16071,1465,83529465,68300,7940772,181390,1.321378197,,,,,,,,
663,332.4034428,1370669873,1176115809,16265859,3911813,1529,1627,52051457,62021,12640996,1678,1.165420839,,,,,,,,
664,332.9037973,1434567558,1339354379,11945847,1719529,3844872,1351,63776911,75056,5032241,7532403,1.071088862,,,,,,,,
665,333.4044291,1505464277,1479902418,23153841,105578,4427,1071,71605604,75230,3331946,5711,1.017272665,,,,,,,,
666,333.9050541,1498594155,1454546948,23886811,147618,4595,1231,72931735,87488,3803173,6101,1.030282424,,,,,,,,
667,334.4056835,1493387354,1385372022,22441305,170931,5994,1204,81979708,75555,4399588,6820,1.077968466,,,,,,,,
668,334.9063192,1384301008,1351237738,8119795,236861,9667,1369,163950960,97298,13449145,10520,1.024468877,,,,,,,,
669,335.4069575,1402257637,1253293292,7001489,318424,148575,1189,163536615,88866,7400624,522487,1.118858328,,,,,,,,
670,335.9075925,1399717989,1853062568,12606417,828382,216694,2311,75121010,82288,8650165,162299,0.755353874,,,,,,,,
671,336.4082326,1530949877,1952930385,12794517,124263,131865,1430,139176277,58443,3209685,810315,0.78392445,,,,,,,,
672,336.908879,1474602286,1169314757,10048339,1361191,33344,1255,135636589,74874,7417111,214157,1.261082422,,,,,,,,
673,337.4095271,1408690879,1202240633,18121737,3427137,1538,1617,49655501,69866,9822473,1379,1.171721235,,,,,,,,
674,337.9101764,1440064128,1378160821,11467624,1685039,3459807,1810,62968111,82140,5701347,8349559,1.044917332,,,,,,,,
675,338.4107948,1534797098,1652559240,25087448,87354,3152,1202,59346633,77064,1620086,3340,0.928739534,,,,,,,,
676,338.9114309,1525624713,1407604814,27245986,98996,3252,1330,53283720,101264,1745239,3211,1.083844484,,,,,,,,
677,339.4120576,1523066599,1377577246,26985386,117383,3470,1387,53776673,99246,1886133,3549,1.105612483,,,,,,,,
678,339.9126543,1515383427,1364003522,26857106,121322,3606,1389,55190292,113642,2095166,4019,1.110982048,,,,,,,,
679,340.4132852,1512513350,1368658910,26263680,131144,3769,1278,57637070,83920,2294984,4103,1.105106129,,,,,,,,
680,340.9139101,1503688583,1427097790,24418692,162529,4854,1461,68648726,119618,3022646,4995,1.053668917,,,,,,,,
681,341.4144939,1488282744,1425244631,22984647,179909,5610,1372,78959731,82530,4514039,6236,1.044229679,,,,,,,,
682,341.9151216,1461605407,1497143490,19115326,231616,7809,1514,108399050,123001,7235136,8765,0.976262741,,,,,,,,
683,342.4157683,1316607537,1146418381,7152418,441201,46445,1361,168764866,67235,18476397,1551715,1.14845292,,,,,,,,
684,342.9164284,1467627407,1569001329,10831712,512883,210127,1598,141678966,81199,3209118,481436,0.935389524,,,,,,,,
685,343.4170319,1499019156,1776413973,10072904,278761,134261,1624,145707100,68467,3932838,507256,0.843845623,,,,,,,,
686,343.9176712,1505614343,1457858692,8537174,304039,89807,1196,158844082,70452,4080886,524242,1.032757394,,,,,,,,
687,344.4183029,1367505278,1248647057,16180017,3654466,1756,1786,51917393,70149,11827832,1697,1.095189606,,,,,,,,
688,344.9189768,1407117380,1185372181,14198221,1831491,1670553,1582,56299745,71672,8901795,4159508,1.187067996,,,,,,,,
689,345.4197069,1503421930,2334056513,15733614,137820,1253635,1318,92180322,81441,2065475,2296420,0.644124048,,,,,,,,
690,345.9203331,1506625694,2438775752,17443143,97059,4019,1337,93850647,104915,2312537,4176,0.617779512,,,,,,,,
691,346.4209593,1507511993,2392615530,17709815,107069,4214,1302,95605028,87111,2454165,4536,0.630068632,,,,,,,,
692,346.921581,1496404041,2617726798,15155779,107920,4591,1282,102839042,124431,2821196,4862,0.571642557,,,,,,,,
693,347.4222061,1487807789,2902292148,11595461,140676,5812,1327,123879808,83210,3897843,6001,0.512631986,,,,,,,,
694,347.9228065,1415203272,2020980527,7325864,219603,8187,1341,162807658,97833,10306710,7464,0.700255768,,,,,,,,
695,348.423427,1356401543,1109844140,3256295,296513,87837,1124,187598922,70103,13716267,1952145,1.22215498,,,,,,,,
696,348.9240553,1486397869,1649282250,8267126,289298,114542,1635,147912112,96074,3296819,337969,0.901239232,,,,,,,,
697,349.4246823,1495899866,2045877956,10383960,363888,134684,2018,134833313,71380,2027317,433176,0.731177469,,,,,,,,
698,349.9253087,1430638603,1498259989,12038211,1404281,5855,1583,107298871,94330,8814278,14021,0.954866721,,,,,,,,
699,350.4259384,1412159310,1408379587,14883256,1713664,538341,1588,58086938,64409,8392186,3078999,1.002683739,,,,,,,,
700,350.9266173,1497388589,1723377738,19549174,128436,1844652,1385,71338137,120002,1632697,2515644,0.868868476,,,,,,,,
701,351.4272502,1521589190,1455049117,25797828,100870,3528,1287,58003353,73777,2061289,3751,1.045730465,,,,,,,,
702,351.9277855,1514129214,1608119281,24214723,127125,3900,1256,66715711,109272,2238208,3960,0.941552801,,,,,,,,
703,352.4284066,1493934002,1548146974,21746072,187410,5744,1334,84352585,79863,4276742,6490,0.964982025,,,,,,,,
704,352.9290279,1450147397,1475413676,16616279,274060,9683,1157,117988613,115187,7623240,9940,0.982875122,,,,,,,,
705,353.4296896,1324764267,1159880687,4938808,347233,32682,985,182672290,76956,17123748,46901,1.142155639,,,,,,,,
706,353.9303383,1465963943,1376485760,7972905,323812,151265,1307,168382446,90886,3361272,603326,1.065004801,,,,,,,,
707,354.4309871,1480884351,2396670013,13457401,296184,99276,1942,92180433,62541,4788388,176562,0.617892469,,,,,,,,
708,354.9315892,1514755522,2575638042,14555016,172702,118521,1787,105379109,91365,6443742,526973,0.588108848,,,,,,,,
709,355.4317818,1423669645,1399353623,10171537,1223204,31147,1514,123713165,71017,14080384,396148,1.01737661,,,,,,,,
710,355.9323855,1450270295,1741085789,16022850,891160,364818,1589,61135963,74282,6911788,3123249,0.832968889,,,,,,,,
711,356.4330287,1478206416,1542366252,16901561,153768,1963493,1323,85697974,65943,3970452,2826960,0.958401686,,,,,,,,
712,356.9336429,1483791669,1600314532,22896796,140466,4777,1161,73849007,78741,3210594,5654,0.927187524,,,,,,,,
713,357.4342892,1408645153,1482043800,11826869,349648,10156,1372,146894758,84192,10541403,10514,0.950474711,,,,,,,,
714,357.9349103,1429823826,1121200148,3622559,203806,136314,1061,193798687,84157,4955035,580166,1.275261896,,,,,,,,
715,358.4355308,1526469095,1216927128,2224608,174196,37166,1154,205407523,68895,1511504,72945,1.254363601,,,,,,,,
716,358.9358064,1455119676,2211613111,12368788,1188623,2147,1527,89392399,64004,10498006,6871,0.657944949,,,,,,,,
717,359.4364278,1452920133,2005875671,11311547,537980,948834,1295,98158035,66440,5502762,3700113,0.724332098,,,,,,,,
718,359.937051,1471857881,1784128642,17343916,243105,8023,1353,108743379,77115,6885672,10317,0.824972957,,,,,,,,
719,360.4376945,1319142057,1229348387,4812670,277053,20034,1098,175353569,65355,18358219,76220,1.073041679,,,,,,,,
720,360.9383616,1479203765,1137077217,3492724,146972,91610,781,209333818,72744,4225794,1854286,1.300882423,,,,,,,,
721,361.4389894,1503919568,1103835101,2415220,652513,11873,727,204180522,63157,2891929,111724,1.362449488,,,,,,,,
722,361.9396185,1450120542,2007783497,15714731,1207321,1313,1719,75448094,78854,9181342,1134,0.722249458,,,,,,,,
723,362.44025,1503618556,2189716686,13006351,123679,1717978,1245,87443311,69845,1697911,4066638,0.686672648,,,,,,,,
724,362.9408749,1524303209,2161183501,20374771,98027,3808,1343,82096848,81492,2079142,4421,0.705309479,,,,,,,,
725,363.4415283,1408272205,2191901001,10109576,186913,39333,1291,116442811,87071,8972102,74897,0.642488965,,,,,,,,
726,363.9421743,1505248356,1027539625,213907,96494,31609,380,228500714,71954,1221690,57621,1.46490541,,,,,,,,
727,364.4428063,1500439308,1241527978,1769827,50938,245988,790,213613419,79082,3075180,42523,1.208542485,,,,,,,,
728,364.943422,1544308526,1016947151,161281,1390,655,139,234833466,68125,6709,84,1.518573039,,,,,,,,
